# Blender 4.2.3 LTS
# www.blender.org
mtllib mercury.mtl
o Sphere
v 0.021481 -10.075825 145.848572
v 0.021481 62.238953 218.163345
v 0.021481 156.722748 257.299805
v 0.021481 207.857010 262.336060
v 0.021481 258.991302 257.299774
v 0.021481 353.475067 218.163315
v -9.954319 -49.212292 50.382259
v -19.546757 -34.296959 98.606689
v -28.387194 -10.075826 143.050568
v -36.135902 22.520384 182.005951
v -42.495102 62.238953 213.975830
v -47.220409 107.553551 237.731552
v -50.130245 156.722748 252.360275
v -51.112778 207.857010 257.299774
v -50.130245 258.991302 252.360275
v -47.220409 308.160492 237.731537
v -42.495102 353.475067 213.975800
v -36.135902 393.193604 182.005920
v -28.387194 425.789795 143.050537
v -19.546757 450.010925 98.606659
v -9.954319 464.926270 50.382221
v -19.546753 -49.212292 47.472431
v -38.362991 -34.296959 92.898857
v -55.704136 -10.075826 134.764053
v -70.903770 22.520384 171.459229
v -83.377792 62.238953 201.574173
v -92.646820 107.553551 223.951599
v -98.354683 156.722748 237.731552
v -100.281982 207.857010 242.384460
v -98.354683 258.991302 237.731552
v -92.646820 308.160492 223.951584
v -83.377792 353.475037 201.574142
v -70.903770 393.193604 171.459198
v -55.704136 425.789795 134.764023
v -38.362991 450.010925 92.898827
v -19.546753 464.926270 47.472393
v -28.387192 -49.212292 42.747112
v -55.704136 -34.296959 83.629814
v -80.879570 -10.075827 121.307503
v -102.946037 22.520382 154.332291
v -121.055489 62.238953 181.435013
v -134.512039 107.553551 201.574173
v -142.798553 156.722748 213.975815
v -145.596558 207.857010 218.163315
v -142.798553 258.991302 213.975815
v -134.512039 308.160461 201.574158
v -121.055489 353.475037 181.434982
v -102.946037 393.193604 154.332260
v -80.879570 425.789795 121.307472
v -55.704136 450.010925 83.629784
v -28.387192 464.926270 42.747074
v -36.135895 -49.212292 36.387909
v -70.903770 -34.296963 71.155785
v -102.946022 -10.075829 103.198021
v -131.031296 22.520380 131.283310
v -154.080261 62.238949 154.332260
v -171.207199 107.553551 171.459213
v -181.753937 156.722748 182.005920
v -185.315140 207.857010 185.567093
v -181.753937 258.991272 182.005920
v -171.207199 308.160461 171.459198
v -154.080261 353.475037 154.332230
v -131.031296 393.193604 131.283279
v -102.946022 425.789795 103.197990
v -70.903770 450.010925 71.155754
v -36.135895 464.926270 36.387871
v -42.495094 -49.212292 28.639204
v -83.377792 -34.296963 55.956142
v -121.055504 -10.075830 81.131577
v -154.080292 22.520378 103.198044
v -181.182999 62.238945 121.307480
v -201.322128 107.553543 134.764053
v -213.723801 156.722748 143.050522
v -217.911316 207.857010 145.848511
v -213.723801 258.991272 143.050522
v -201.322128 308.160461 134.764038
v -181.182999 353.475037 121.307465
v -154.080292 393.193604 103.198013
v -121.055504 425.789795 81.131546
v -83.377792 450.010925 55.956104
v -42.495094 464.926270 28.639166
v 0.021481 -54.248581 0.230537
v -47.220402 -49.212296 19.798765
v -92.646820 -34.296963 38.614998
v -134.512039 -10.075832 55.956127
v -171.207214 22.520376 71.155792
v -201.322128 62.238945 83.629768
v -223.699585 107.553543 92.898849
v -237.479538 156.722733 98.606644
v -242.132446 207.856995 100.533920
v -237.479538 258.991272 98.606636
v -223.699585 308.160461 92.898834
v -201.322128 353.475037 83.629753
v -171.207214 393.193604 71.155762
v -134.512039 425.789795 55.956097
v -92.646820 450.010925 38.614960
v -47.220402 464.926270 19.798727
v -50.130234 -49.212296 10.206329
v -98.354668 -34.296967 19.798763
v -142.798553 -10.075834 28.639189
v -181.753937 22.520372 36.387917
v -213.723755 62.238941 42.747082
v -237.479538 107.553535 47.472431
v -252.108231 156.722733 50.382217
v -257.047760 207.856995 51.364723
v -252.108231 258.991272 50.382210
v -237.479538 308.160461 47.472416
v -213.723755 353.475037 42.747059
v -181.753937 393.193604 36.387886
v -142.798553 425.789795 28.639156
v -98.354668 450.010925 19.798727
v -50.130234 464.926270 10.206290
v -51.112759 -49.212296 0.230534
v -100.281975 -34.296967 0.230530
v -145.596542 -10.075836 0.230520
v -185.315125 22.520370 0.230535
v -217.911270 62.238937 0.230504
v -242.132462 107.553535 0.230536
v -257.047760 156.722733 0.230497
v -262.084015 207.856995 0.230474
v -257.047760 258.991272 0.230489
v -242.132462 308.160461 0.230521
v -217.911270 353.475037 0.230482
v -185.315125 393.193604 0.230507
v -145.596542 425.789795 0.230487
v -100.281975 450.010925 0.230493
v -51.112759 464.926270 0.230495
v -50.130234 -49.212296 -9.745262
v -98.354668 -34.296967 -19.337704
v -142.798523 -10.075838 -28.178146
v -181.753922 22.520369 -35.926842
v -213.723755 62.238934 -42.286072
v -237.479538 107.553535 -47.011356
v -252.108231 156.722733 -49.921227
v -257.047699 207.856995 -50.903774
v -252.108231 258.991272 -49.921234
v -237.479538 308.160461 -47.011372
v -213.723755 353.475037 -42.286095
v -181.753922 393.193604 -35.926872
v -142.798523 425.789795 -28.178179
v -98.354668 450.010925 -19.337740
v -50.130234 464.926270 -9.745301
v -47.220398 -49.212296 -19.337694
v -92.646820 -34.296970 -38.153938
v -134.512009 -10.075840 -55.495090
v -171.207199 22.520365 -70.694710
v -201.322113 62.238930 -83.168755
v -223.699585 107.553528 -92.437759
v -237.479492 156.722733 -98.145645
v -242.132355 207.856995 -100.072945
v -237.479492 258.991272 -98.145653
v -223.699585 308.160461 -92.437775
v -201.322113 353.475037 -83.168770
v -171.207199 393.193604 -70.694740
v -134.512009 425.789795 -55.495121
v -92.646820 450.010925 -38.153976
v -47.220398 464.926270 -19.337732
v -42.495083 -49.212299 -28.178125
v -83.377785 -34.296970 -55.495083
v -121.055458 -10.075842 -80.670509
v -154.080261 22.520363 -102.736961
v -181.182953 62.238930 -120.846443
v -201.322128 107.553528 -134.302994
v -213.723755 156.722717 -142.589508
v -217.911194 207.856979 -145.387527
v -213.723755 258.991272 -142.589508
v -201.322128 308.160461 -134.303009
v -181.182953 353.475037 -120.846458
v -154.080261 393.193604 -102.736992
v -121.055458 425.789795 -80.670540
v -83.377785 450.010925 -55.495121
v -42.495083 464.926270 -28.178164
v -36.135880 -49.212299 -35.926830
v -70.903748 -34.296970 -70.694710
v -102.945976 -10.075844 -102.736961
v -131.031296 22.520361 -130.822235
v -154.080215 62.238926 -153.871201
v -171.207199 107.553520 -170.998154
v -181.753891 156.722717 -181.544891
v -185.315002 207.856979 -185.106079
v -181.753891 258.991272 -181.544891
v -171.207199 308.160461 -170.998169
v -154.080215 353.475037 -153.871231
v -131.031296 393.193604 -130.822266
v -102.945976 425.789795 -102.736992
v -70.903748 450.010925 -70.694740
v -36.135880 464.926270 -35.926868
v -28.387177 -49.212299 -42.286030
v -55.704113 -34.296974 -83.168732
v -80.879524 -10.075846 -120.846420
v -102.946014 22.520359 -153.871231
v -121.055458 62.238922 -180.973938
v -134.512039 107.553520 -201.113098
v -142.798508 156.722717 -213.514740
v -145.596420 207.856979 -217.702225
v -142.798508 258.991241 -213.514740
v -134.512039 308.160461 -201.113113
v -121.055458 353.475037 -180.973969
v -102.946014 393.193604 -153.871262
v -80.879524 425.789795 -120.846451
v -55.704113 450.010925 -83.168762
v -28.387177 464.926270 -42.286068
v -19.546741 -49.212299 -47.011333
v -38.362968 -34.296974 -92.437759
v -55.704090 -10.075847 -134.302963
v -70.903755 22.520357 -170.998154
v -83.377747 62.238922 -201.113068
v -92.646820 107.553520 -223.490524
v -98.354614 156.722717 -237.270462
v -100.281860 207.856979 -241.923340
v -98.354614 258.991241 -237.270462
v -92.646820 308.160431 -223.490540
v -83.377747 353.475037 -201.113098
v -70.903755 393.193604 -170.998184
v -55.704090 425.789795 -134.302994
v -38.362968 450.010925 -92.437790
v -19.546741 464.926270 -47.011372
v -9.954310 -49.212299 -49.921165
v -19.546736 -34.296974 -98.145592
v -28.387154 -10.075847 -142.589447
v -36.135891 22.520357 -181.544876
v -42.495060 62.238922 -213.514679
v -47.220409 107.553520 -237.270462
v -50.130199 156.722717 -251.899170
v -51.112667 207.856979 -256.838654
v -50.130199 258.991241 -251.899170
v -47.220409 308.160431 -237.270477
v -42.495060 353.475006 -213.514709
v -36.135891 393.193604 -181.544907
v -28.387154 425.789795 -142.589478
v -19.546736 450.010925 -98.145622
v -9.954310 464.926270 -49.921204
v 0.021483 -49.212299 -50.903694
v 0.021494 -34.296974 -100.072891
v 0.021506 -10.075848 -145.387451
v 0.021485 22.520357 -185.106064
v 0.021508 62.238922 -217.702194
v 0.021473 107.553520 -241.923386
v 0.021516 156.722717 -256.838654
v 0.021567 207.856979 -261.874878
v 0.021516 258.991241 -256.838684
v 0.021473 308.160431 -241.923401
v 0.021508 353.475006 -217.702225
v 0.021485 393.193604 -185.106094
v 0.021506 425.789795 -145.387482
v 0.021494 450.010925 -100.072922
v 0.021483 464.926270 -50.903732
v 9.997274 -49.212299 -49.921162
v 19.589722 -34.296974 -98.145592
v 28.430164 -10.075847 -142.589447
v 36.178860 22.520357 -181.544861
v 42.538078 62.238922 -213.514679
v 47.263359 107.553520 -237.270462
v 50.173229 156.722717 -251.899155
v 51.155796 207.856979 -256.838593
v 50.173229 258.991241 -251.899155
v 47.263359 308.160431 -237.270477
v 42.538078 353.475006 -213.514709
v 36.178860 393.193604 -181.544891
v 28.430164 425.789795 -142.589478
v 19.589722 450.010925 -98.145622
v 9.997274 464.926270 -49.921200
v 19.589701 -49.212299 -47.011326
v 38.405956 -34.296974 -92.437752
v 55.747093 -10.075847 -134.302917
v 70.946724 22.520357 -170.998138
v 83.420753 62.238922 -201.113037
v 92.689751 107.553520 -223.490509
v 98.397629 156.722717 -237.270416
v 100.324951 207.856979 -241.923248
v 98.397629 258.991241 -237.270416
v 92.689751 308.160431 -223.490524
v 83.420753 353.475037 -201.113068
v 70.946724 393.193604 -170.998169
v 55.747093 425.789795 -134.302948
v 38.405956 450.010925 -92.437782
v 19.589701 464.926270 -47.011364
v 28.430134 -49.212299 -42.286018
v 55.747093 -34.296974 -83.168709
v 80.922508 -10.075846 -120.846352
v 102.988968 22.520359 -153.871201
v 121.098419 62.238922 -180.973892
v 134.554962 107.553520 -201.113083
v 142.841507 156.722717 -213.514664
v 145.639511 207.856979 -217.702072
v 142.841507 258.991241 -213.514664
v 134.554962 308.160461 -201.113098
v 121.098419 353.475037 -180.973923
v 102.988968 393.193604 -153.871231
v 80.922508 425.789795 -120.846382
v 55.747093 450.010925 -83.168739
v 28.430134 464.926270 -42.286057
v 36.178837 -49.212299 -35.926815
v 70.946724 -34.296970 -70.694687
v 102.988945 -10.075844 -102.736877
v 131.074234 22.520361 -130.822235
v 154.123199 62.238926 -153.871140
v 171.250122 107.553520 -170.998154
v 181.796875 156.722717 -181.544815
v 185.358032 207.856979 -185.105881
v 181.796875 258.991272 -181.544815
v 171.250122 308.160461 -170.998169
v 154.123199 353.475037 -153.871170
v 131.074234 393.193604 -130.822266
v 102.988945 425.789795 -102.736908
v 70.946724 450.010925 -70.694717
v 36.178837 464.926270 -35.926853
v 0.021481 469.962585 0.230498
v 42.538033 -49.212299 -28.178112
v 83.420738 -34.296970 -55.495052
v 121.098396 -10.075842 -80.670433
v 154.123215 22.520363 -102.736946
v 181.225922 62.238930 -120.846375
v 201.365082 107.553528 -134.302979
v 213.766739 156.722717 -142.589417
v 217.954178 207.856979 -145.387329
v 213.766739 258.991272 -142.589417
v 201.365082 308.160461 -134.302994
v 181.225922 353.475037 -120.846390
v 154.123215 393.193604 -102.736977
v 121.098396 425.789795 -80.670464
v 83.420738 450.010925 -55.495090
v 42.538033 464.926270 -28.178150
v 47.263340 -49.212296 -19.337675
v 92.689766 -34.296970 -38.153912
v 134.554932 -10.075840 -55.495010
v 171.250168 22.520365 -70.694695
v 201.365082 62.238930 -83.168663
v 223.742508 107.553528 -92.437752
v 237.522476 156.722733 -98.145531
v 242.175293 207.856995 -100.072739
v 237.522476 258.991272 -98.145538
v 223.742508 308.160461 -92.437767
v 201.365082 353.475037 -83.168678
v 171.250168 393.193604 -70.694725
v 134.554932 425.789795 -55.495041
v 92.689766 450.010925 -38.153950
v 47.263340 464.926270 -19.337713
v 50.173172 -49.212296 -9.745249
v 98.397591 -34.296967 -19.337677
v 142.841415 -10.075838 -28.178082
v 181.796875 22.520369 -35.926834
v 213.766693 62.238934 -42.285992
v 237.522461 107.553535 -47.011356
v 252.151169 156.722733 -49.921124
v 257.090515 207.856995 -50.903584
v 252.151169 258.991272 -49.921131
v 237.522461 308.160461 -47.011372
v 213.766693 353.475037 -42.286015
v 181.796875 393.193604 -35.926865
v 142.841415 425.789795 -28.178114
v 98.397591 450.010925 -19.337713
v 50.173172 464.926270 -9.745288
v 51.155697 -49.212296 0.230542
v 100.324890 -34.296967 0.230549
v 145.639420 -10.075836 0.230573
v 185.358063 22.520370 0.230539
v 217.954208 62.238937 0.230571
v 242.175354 107.553535 0.230529
v 257.090637 156.722733 0.230591
v 262.126801 207.856995 0.230634
v 257.090637 258.991272 0.230583
v 242.175354 308.160461 0.230514
v 217.954208 353.475037 0.230549
v 185.358063 393.193604 0.230511
v 145.639420 425.789795 0.230540
v 100.324890 450.010925 0.230512
v 51.155697 464.926270 0.230503
v 50.173164 -49.212296 10.206332
v 98.397583 -34.296967 19.798773
v 142.841400 -10.075834 28.639221
v 181.796860 22.520372 36.387913
v 213.766647 62.238941 42.747131
v 237.522430 107.553535 47.472408
v 252.151123 156.722733 50.382290
v 257.090485 207.856995 51.364838
v 252.151123 258.991272 50.382282
v 237.522430 308.160461 47.472393
v 213.766647 353.475037 42.747108
v 181.796860 393.193604 36.387882
v 142.841400 425.789795 28.639189
v 98.397583 450.010925 19.798737
v 50.173164 464.926270 10.206293
v 47.263332 -49.212296 19.798758
v 92.689743 -34.296963 38.614998
v 134.554871 -10.075832 55.956131
v 171.250153 22.520376 71.155777
v 201.365036 62.238945 83.629799
v 223.742477 107.553543 92.898804
v 237.522385 156.722733 98.606689
v 242.175171 207.856995 100.533989
v 237.522385 258.991272 98.606682
v 223.742477 308.160461 92.898788
v 201.365036 353.475037 83.629784
v 171.250153 393.193604 71.155746
v 134.554871 425.789795 55.956100
v 92.689743 450.010925 38.614960
v 47.263332 464.926270 19.798719
v 42.538021 -49.212292 28.639187
v 83.420708 -34.296963 55.956131
v 121.098320 -10.075830 81.131554
v 154.123199 22.520378 103.198021
v 181.225861 62.238945 121.307480
v 201.365082 107.553543 134.763992
v 213.766647 156.722748 143.050537
v 217.953995 207.857010 145.848511
v 213.766647 258.991272 143.050537
v 201.365082 308.160461 134.763977
v 181.225861 353.475037 121.307465
v 154.123199 393.193604 103.197990
v 121.098320 425.789795 81.131523
v 83.420708 450.010925 55.956093
v 42.538021 464.926270 28.639149
v 36.178825 -49.212292 36.387886
v 70.946693 -34.296963 71.155762
v 102.988846 -10.075829 103.197990
v 131.074203 22.520380 131.283279
v 154.123108 62.238949 154.332230
v 171.250122 107.553551 171.459137
v 181.796768 156.722748 182.005890
v 185.357834 207.857010 185.567017
v 181.796768 258.991272 182.005890
v 171.250122 308.160461 171.459122
v 154.123108 353.475037 154.332199
v 131.074203 393.193604 131.283249
v 102.988846 425.789795 103.197960
v 70.946693 450.010925 71.155731
v 36.178825 464.926270 36.387848
v 28.430119 -49.212292 42.747078
v 55.747059 -34.296959 83.629776
v 80.922409 -10.075827 121.307434
v 102.988945 22.520382 154.332260
v 121.098328 62.238953 181.434937
v 134.554947 107.553551 201.574081
v 142.841385 156.722748 213.975723
v 145.639282 207.857010 218.163177
v 142.841385 258.991302 213.975723
v 134.554947 308.160461 201.574066
v 121.098328 353.475037 181.434906
v 102.988945 393.193604 154.332230
v 80.922409 425.789795 121.307404
v 55.747059 450.010925 83.629745
v 28.430119 464.926270 42.747040
v 19.589689 -49.212292 47.472378
v 38.405922 -34.296959 92.898811
v 55.746990 -10.075826 134.763931
v 70.946701 22.520384 171.459198
v 83.420647 62.238953 201.574081
v 92.689743 107.553551 223.951508
v 98.397499 156.722748 237.731445
v 100.324707 207.857010 242.384262
v 98.397499 258.991302 237.731445
v 92.689743 308.160492 223.951492
v 83.420647 353.475037 201.574051
v 70.946701 393.193604 171.459167
v 55.746990 425.789795 134.763901
v 38.405922 450.010925 92.898781
v 19.589689 464.926270 47.472340
v 9.997265 -49.212292 50.382202
v 19.589687 -34.296959 98.606644
v 28.430065 -10.075826 143.050415
v 36.178833 22.520384 182.005920
v 42.537971 62.238953 213.975693
v 47.263340 107.553551 237.731445
v 50.173107 156.722748 252.360153
v 51.155560 207.857010 257.299500
v 50.173107 258.991302 252.360153
v 47.263340 308.160492 237.731430
v 42.537971 353.475067 213.975662
v 36.178833 393.193604 182.005890
v 28.430065 425.789795 143.050385
v 19.589687 450.010925 98.606613
v 9.997265 464.926270 50.382164
v 0.021477 -49.212292 51.364735
v 0.021463 -34.296959 100.533936
v 0.021457 22.520384 185.567108
v 0.021465 107.553551 242.384369
v 0.021465 308.160492 242.384354
v 0.021457 393.193604 185.567078
v 0.021424 425.789795 145.848358
v 0.021463 450.010925 100.533905
v 0.021477 464.926270 51.364697
vn -0.0938 0.2890 0.9527
vn -0.0464 -0.8810 0.4709
vn -0.0865 0.4696 0.8786
vn -0.0624 -0.7715 0.6332
vn -0.0759 0.6326 0.7708
vn -0.0759 -0.6326 0.7708
vn -0.0624 0.7715 0.6332
vn -0.0865 -0.4696 0.8786
vn -0.0464 0.8810 0.4709
vn -0.0938 -0.2890 0.9527
vn -0.0286 0.9565 0.2902
vn -0.0975 -0.0975 0.9904
vn -0.0097 -0.9951 0.0980
vn -0.0097 0.9951 0.0980
vn -0.0975 0.0975 0.9904
vn -0.0286 -0.9565 0.2902
vn -0.2889 0.0975 0.9524
vn -0.0846 -0.9565 0.2790
vn -0.2779 0.2890 0.9161
vn -0.1374 -0.8810 0.4528
vn -0.2563 0.4696 0.8448
vn -0.1847 -0.7715 0.6088
vn -0.2248 0.6326 0.7412
vn -0.2248 -0.6326 0.7412
vn -0.1847 0.7715 0.6088
vn -0.2563 -0.4696 0.8448
vn -0.1374 0.8810 0.4528
vn -0.2779 -0.2890 0.9161
vn -0.0846 0.9565 0.2790
vn -0.2889 -0.0975 0.9524
vn -0.0286 -0.9951 0.0942
vn -0.0286 0.9951 0.0942
vn -0.2999 0.7715 0.5611
vn -0.4162 -0.4696 0.7786
vn -0.2230 0.8810 0.4173
vn -0.4513 -0.2890 0.8443
vn -0.1374 0.9565 0.2571
vn -0.4691 -0.0975 0.8777
vn -0.0464 -0.9951 0.0869
vn -0.0464 0.9951 0.0869
vn -0.4691 0.0975 0.8777
vn -0.1374 -0.9565 0.2571
vn -0.4513 0.2890 0.8443
vn -0.2230 -0.8810 0.4173
vn -0.4162 0.4696 0.7786
vn -0.2999 -0.7715 0.5611
vn -0.3651 0.6326 0.6831
vn -0.3651 -0.6326 0.6831
vn -0.1850 -0.9565 0.2254
vn -0.6073 0.2890 0.7400
vn -0.3002 -0.8810 0.3658
vn -0.5601 0.4696 0.6825
vn -0.4036 -0.7715 0.4918
vn -0.4913 0.6326 0.5987
vn -0.4913 -0.6326 0.5987
vn -0.4036 0.7715 0.4918
vn -0.5601 -0.4696 0.6825
vn -0.3002 0.8810 0.3658
vn -0.6073 -0.2890 0.7400
vn -0.1850 0.9565 0.2254
vn -0.6314 -0.0975 0.7693
vn -0.0625 -0.9951 0.0761
vn -0.0625 0.9951 0.0761
vn -0.6314 0.0975 0.7693
vn -0.6825 -0.4696 0.5601
vn -0.3658 0.8810 0.3002
vn -0.7400 -0.2890 0.6073
vn -0.2254 0.9565 0.1850
vn -0.7693 -0.0975 0.6314
vn -0.0761 -0.9951 0.0625
vn -0.0761 0.9951 0.0625
vn -0.7693 0.0975 0.6314
vn -0.2254 -0.9565 0.1850
vn -0.7400 0.2890 0.6073
vn -0.3658 -0.8810 0.3002
vn -0.6825 0.4696 0.5601
vn -0.4918 -0.7715 0.4036
vn -0.5987 0.6326 0.4913
vn -0.5987 -0.6326 0.4913
vn -0.4918 0.7715 0.4036
vn -0.8443 0.2890 0.4513
vn -0.4173 -0.8810 0.2230
vn -0.7786 0.4696 0.4162
vn -0.5611 -0.7715 0.2999
vn -0.6831 0.6326 0.3651
vn -0.6831 -0.6326 0.3651
vn -0.5611 0.7715 0.2999
vn -0.7786 -0.4696 0.4162
vn -0.4173 0.8810 0.2230
vn -0.8443 -0.2890 0.4513
vn -0.2571 0.9565 0.1374
vn -0.8777 -0.0975 0.4691
vn -0.0869 -0.9951 0.0464
vn -0.0869 0.9951 0.0464
vn -0.8777 0.0975 0.4691
vn -0.2571 -0.9565 0.1374
vn -0.4528 0.8810 0.1374
vn -0.9161 -0.2890 0.2779
vn -0.2790 0.9565 0.0846
vn -0.9524 -0.0975 0.2889
vn -0.0942 -0.9951 0.0286
vn -0.0942 0.9951 0.0286
vn -0.9524 0.0975 0.2889
vn -0.2790 -0.9565 0.0846
vn -0.9161 0.2890 0.2779
vn -0.4528 -0.8810 0.1374
vn -0.8448 0.4696 0.2563
vn -0.6088 -0.7715 0.1847
vn -0.7412 0.6326 0.2248
vn -0.7412 -0.6326 0.2248
vn -0.6088 0.7715 0.1847
vn -0.8448 -0.4696 0.2563
vn -0.8786 0.4696 0.0865
vn -0.6332 -0.7715 0.0624
vn -0.7708 0.6326 0.0759
vn -0.7708 -0.6326 0.0759
vn -0.6332 0.7715 0.0624
vn -0.8786 -0.4696 0.0865
vn -0.4709 0.8810 0.0464
vn -0.9527 -0.2890 0.0938
vn -0.2902 0.9565 0.0286
vn -0.9904 -0.0975 0.0975
vn -0.0980 -0.9951 0.0097
vn -0.0980 0.9951 0.0097
vn -0.9904 0.0975 0.0975
vn -0.2902 -0.9565 0.0286
vn -0.9527 0.2890 0.0938
vn -0.4709 -0.8810 0.0464
vn -0.2902 0.9565 -0.0286
vn -0.9904 -0.0975 -0.0976
vn -0.0980 -0.9951 -0.0097
vn -0.0980 0.9951 -0.0097
vn -0.9904 0.0975 -0.0976
vn -0.2902 -0.9565 -0.0286
vn -0.9527 0.2890 -0.0938
vn -0.4709 -0.8810 -0.0464
vn -0.8786 0.4696 -0.0865
vn -0.6332 -0.7715 -0.0624
vn -0.7708 0.6326 -0.0759
vn -0.7708 -0.6326 -0.0759
vn -0.6332 0.7715 -0.0624
vn -0.8786 -0.4696 -0.0865
vn -0.4709 0.8810 -0.0464
vn -0.9527 -0.2890 -0.0938
vn -0.6088 -0.7715 -0.1847
vn -0.7412 0.6326 -0.2248
vn -0.7412 -0.6326 -0.2248
vn -0.6088 0.7715 -0.1847
vn -0.8448 -0.4696 -0.2563
vn -0.4528 0.8810 -0.1374
vn -0.9161 -0.2890 -0.2779
vn -0.2790 0.9565 -0.0846
vn -0.9524 -0.0975 -0.2889
vn -0.0942 -0.9951 -0.0286
vn -0.0942 0.9951 -0.0286
vn -0.9524 0.0975 -0.2889
vn -0.2790 -0.9565 -0.0846
vn -0.9161 0.2890 -0.2779
vn -0.4528 -0.8810 -0.1374
vn -0.8448 0.4696 -0.2563
vn -0.8777 -0.0975 -0.4691
vn -0.0869 -0.9951 -0.0464
vn -0.0869 0.9951 -0.0464
vn -0.8777 0.0975 -0.4691
vn -0.2571 -0.9565 -0.1374
vn -0.8443 0.2890 -0.4513
vn -0.4173 -0.8810 -0.2230
vn -0.7786 0.4696 -0.4162
vn -0.5611 -0.7715 -0.2999
vn -0.6831 0.6326 -0.3651
vn -0.6831 -0.6326 -0.3651
vn -0.5611 0.7715 -0.2999
vn -0.7786 -0.4696 -0.4162
vn -0.4173 0.8810 -0.2231
vn -0.8443 -0.2890 -0.4513
vn -0.2571 0.9565 -0.1374
vn -0.5987 0.6326 -0.4913
vn -0.5987 -0.6326 -0.4913
vn -0.4918 0.7715 -0.4036
vn -0.6825 -0.4696 -0.5601
vn -0.3658 0.8810 -0.3002
vn -0.7400 -0.2890 -0.6073
vn -0.2254 0.9565 -0.1850
vn -0.7693 -0.0975 -0.6314
vn -0.0761 -0.9951 -0.0625
vn -0.0761 0.9951 -0.0625
vn -0.7693 0.0975 -0.6314
vn -0.2254 -0.9565 -0.1850
vn -0.7400 0.2890 -0.6073
vn -0.3658 -0.8810 -0.3002
vn -0.6825 0.4696 -0.5601
vn -0.4918 -0.7715 -0.4036
vn -0.0625 -0.9951 -0.0761
vn -0.0625 0.9951 -0.0761
vn -0.6314 0.0975 -0.7693
vn -0.1850 -0.9565 -0.2254
vn -0.6073 0.2890 -0.7400
vn -0.3002 -0.8810 -0.3658
vn -0.5601 0.4696 -0.6825
vn -0.4036 -0.7715 -0.4918
vn -0.4913 0.6326 -0.5987
vn -0.4913 -0.6326 -0.5987
vn -0.4036 0.7715 -0.4918
vn -0.5601 -0.4696 -0.6825
vn -0.3002 0.8810 -0.3658
vn -0.6073 -0.2890 -0.7400
vn -0.1850 0.9565 -0.2254
vn -0.6314 -0.0975 -0.7693
vn -0.3651 -0.6326 -0.6831
vn -0.2999 0.7715 -0.5611
vn -0.4162 -0.4696 -0.7786
vn -0.2230 0.8810 -0.4173
vn -0.4513 -0.2890 -0.8443
vn -0.1374 0.9565 -0.2571
vn -0.4691 -0.0975 -0.8777
vn -0.0464 -0.9951 -0.0869
vn -0.0464 0.9951 -0.0869
vn -0.4691 0.0975 -0.8777
vn -0.1374 -0.9565 -0.2571
vn -0.4513 0.2890 -0.8443
vn -0.2230 -0.8810 -0.4173
vn -0.4162 0.4696 -0.7786
vn -0.2999 -0.7715 -0.5611
vn -0.3651 0.6326 -0.6831
vn -0.2889 0.0975 -0.9524
vn -0.0846 -0.9565 -0.2790
vn -0.2779 0.2890 -0.9161
vn -0.1374 -0.8810 -0.4528
vn -0.2563 0.4696 -0.8448
vn -0.1847 -0.7715 -0.6088
vn -0.2248 0.6326 -0.7412
vn -0.2248 -0.6326 -0.7412
vn -0.1847 0.7715 -0.6088
vn -0.2563 -0.4696 -0.8448
vn -0.1374 0.8810 -0.4528
vn -0.2779 -0.2890 -0.9161
vn -0.0846 0.9565 -0.2790
vn -0.2889 -0.0975 -0.9524
vn -0.0286 -0.9951 -0.0942
vn -0.0286 0.9951 -0.0942
vn -0.0624 0.7715 -0.6332
vn -0.0865 -0.4696 -0.8786
vn -0.0464 0.8810 -0.4709
vn -0.0938 -0.2890 -0.9527
vn -0.0286 0.9565 -0.2902
vn -0.0975 -0.0975 -0.9904
vn -0.0097 -0.9951 -0.0980
vn -0.0097 0.9951 -0.0980
vn -0.0975 0.0975 -0.9904
vn -0.0286 -0.9565 -0.2902
vn -0.0938 0.2890 -0.9527
vn -0.0464 -0.8810 -0.4709
vn -0.0865 0.4696 -0.8786
vn -0.0624 -0.7715 -0.6332
vn -0.0759 0.6326 -0.7708
vn -0.0759 -0.6326 -0.7708
vn 0.0938 0.2890 -0.9527
vn 0.0464 -0.8810 -0.4709
vn 0.0865 0.4696 -0.8786
vn 0.0624 -0.7715 -0.6332
vn 0.0759 0.6326 -0.7708
vn 0.0759 -0.6326 -0.7708
vn 0.0624 0.7715 -0.6332
vn 0.0865 -0.4696 -0.8786
vn 0.0464 0.8810 -0.4709
vn 0.0938 -0.2890 -0.9527
vn 0.0286 0.9565 -0.2902
vn 0.0975 -0.0975 -0.9904
vn 0.0097 -0.9951 -0.0980
vn 0.0097 0.9951 -0.0980
vn 0.0975 0.0975 -0.9904
vn 0.0286 -0.9565 -0.2902
vn 0.1374 0.8810 -0.4528
vn 0.2779 -0.2890 -0.9161
vn 0.0846 0.9565 -0.2790
vn 0.2889 -0.0975 -0.9524
vn 0.0286 -0.9951 -0.0942
vn 0.0286 0.9951 -0.0942
vn 0.2889 0.0975 -0.9524
vn 0.0846 -0.9565 -0.2790
vn 0.2779 0.2890 -0.9161
vn 0.1374 -0.8810 -0.4528
vn 0.2563 0.4696 -0.8448
vn 0.1847 -0.7715 -0.6088
vn 0.2248 0.6326 -0.7412
vn 0.2248 -0.6326 -0.7412
vn 0.1847 0.7715 -0.6088
vn 0.2563 -0.4696 -0.8448
vn 0.2230 -0.8810 -0.4173
vn 0.4162 0.4696 -0.7786
vn 0.2999 -0.7715 -0.5611
vn 0.3651 0.6326 -0.6831
vn 0.3651 -0.6326 -0.6831
vn 0.2999 0.7715 -0.5611
vn 0.4162 -0.4696 -0.7786
vn 0.2230 0.8810 -0.4173
vn 0.4513 -0.2890 -0.8443
vn 0.1374 0.9565 -0.2571
vn 0.4691 -0.0975 -0.8777
vn 0.0464 -0.9951 -0.0869
vn 0.0464 0.9951 -0.0869
vn 0.4691 0.0975 -0.8777
vn 0.1374 -0.9565 -0.2571
vn 0.4513 0.2890 -0.8443
vn 0.6073 -0.2890 -0.7400
vn 0.1850 0.9565 -0.2254
vn 0.6314 -0.0975 -0.7693
vn 0.0625 -0.9951 -0.0761
vn 0.0625 0.9951 -0.0761
vn 0.6314 0.0975 -0.7693
vn 0.1850 -0.9565 -0.2254
vn 0.6073 0.2890 -0.7400
vn 0.3002 -0.8810 -0.3658
vn 0.5601 0.4696 -0.6825
vn 0.4036 -0.7715 -0.4918
vn 0.4913 0.6326 -0.5987
vn 0.4913 -0.6326 -0.5987
vn 0.4036 0.7715 -0.4918
vn 0.5601 -0.4696 -0.6825
vn 0.3002 0.8810 -0.3658
vn 0.6825 0.4696 -0.5601
vn 0.4918 -0.7715 -0.4036
vn 0.5987 0.6326 -0.4913
vn 0.5987 -0.6326 -0.4913
vn 0.4918 0.7715 -0.4036
vn 0.6825 -0.4696 -0.5601
vn 0.3658 0.8810 -0.3002
vn 0.7400 -0.2890 -0.6073
vn 0.2254 0.9565 -0.1850
vn 0.7693 -0.0975 -0.6314
vn 0.0761 -0.9951 -0.0625
vn 0.0761 0.9951 -0.0625
vn 0.7693 0.0975 -0.6314
vn 0.2254 -0.9565 -0.1850
vn 0.7400 0.2890 -0.6073
vn 0.3658 -0.8810 -0.3002
vn 0.2571 0.9565 -0.1374
vn 0.8777 -0.0975 -0.4691
vn 0.0869 -0.9951 -0.0464
vn 0.0869 0.9951 -0.0464
vn 0.8777 0.0975 -0.4691
vn 0.2571 -0.9565 -0.1374
vn 0.8443 0.2890 -0.4513
vn 0.4173 -0.8810 -0.2230
vn 0.7786 0.4696 -0.4162
vn 0.5611 -0.7715 -0.2999
vn 0.6831 0.6326 -0.3651
vn 0.6831 -0.6326 -0.3651
vn 0.5611 0.7715 -0.2999
vn 0.7786 -0.4696 -0.4162
vn 0.4173 0.8810 -0.2231
vn 0.8443 -0.2890 -0.4513
vn 0.6088 -0.7715 -0.1847
vn 0.7412 0.6326 -0.2248
vn 0.7412 -0.6326 -0.2248
vn 0.6088 0.7715 -0.1847
vn 0.8448 -0.4696 -0.2563
vn 0.4528 0.8810 -0.1374
vn 0.9161 -0.2890 -0.2779
vn 0.2790 0.9565 -0.0846
vn 0.9524 -0.0975 -0.2889
vn 0.0942 -0.9951 -0.0286
vn 0.0942 0.9951 -0.0286
vn 0.9524 0.0975 -0.2889
vn 0.2790 -0.9565 -0.0846
vn 0.9161 0.2890 -0.2779
vn 0.4528 -0.8810 -0.1374
vn 0.8448 0.4696 -0.2563
vn 0.9904 -0.0975 -0.0975
vn 0.0980 -0.9951 -0.0097
vn 0.0980 0.9951 -0.0097
vn 0.9904 0.0975 -0.0975
vn 0.2902 -0.9565 -0.0286
vn 0.9527 0.2890 -0.0938
vn 0.4709 -0.8810 -0.0464
vn 0.8786 0.4696 -0.0865
vn 0.6332 -0.7715 -0.0624
vn 0.7708 0.6326 -0.0759
vn 0.7708 -0.6326 -0.0759
vn 0.6332 0.7715 -0.0624
vn 0.8786 -0.4696 -0.0865
vn 0.4709 0.8810 -0.0464
vn 0.9527 -0.2890 -0.0938
vn 0.2902 0.9565 -0.0286
vn 0.7708 0.6326 0.0759
vn 0.7708 -0.6326 0.0759
vn 0.6332 0.7715 0.0624
vn 0.8786 -0.4696 0.0865
vn 0.4709 0.8810 0.0464
vn 0.9527 -0.2890 0.0938
vn 0.2902 0.9565 0.0286
vn 0.9904 -0.0975 0.0976
vn 0.0980 -0.9951 0.0097
vn 0.0980 0.9951 0.0097
vn 0.9904 0.0975 0.0976
vn 0.2902 -0.9565 0.0286
vn 0.9527 0.2890 0.0938
vn 0.4709 -0.8810 0.0464
vn 0.8786 0.4696 0.0865
vn 0.6332 -0.7715 0.0624
vn 0.0942 0.9951 0.0286
vn 0.9524 0.0975 0.2889
vn 0.2790 -0.9565 0.0846
vn 0.9161 0.2890 0.2779
vn 0.4528 -0.8810 0.1374
vn 0.8448 0.4696 0.2563
vn 0.6088 -0.7715 0.1847
vn 0.7412 0.6326 0.2248
vn 0.7412 -0.6326 0.2248
vn 0.6088 0.7715 0.1847
vn 0.8448 -0.4696 0.2563
vn 0.4528 0.8810 0.1374
vn 0.9161 -0.2890 0.2779
vn 0.2790 0.9565 0.0846
vn 0.9524 -0.0975 0.2889
vn 0.0942 -0.9951 0.0286
vn 0.5611 0.7715 0.2999
vn 0.7786 -0.4696 0.4162
vn 0.4173 0.8810 0.2231
vn 0.8443 -0.2890 0.4513
vn 0.2571 0.9565 0.1374
vn 0.8777 -0.0975 0.4691
vn 0.0869 -0.9951 0.0464
vn 0.0869 0.9951 0.0464
vn 0.8777 0.0975 0.4691
vn 0.2571 -0.9565 0.1374
vn 0.8443 0.2890 0.4513
vn 0.4173 -0.8810 0.2231
vn 0.7786 0.4696 0.4162
vn 0.5611 -0.7715 0.2999
vn 0.6831 0.6326 0.3651
vn 0.6831 -0.6326 0.3651
vn 0.2254 -0.9565 0.1850
vn 0.7400 0.2890 0.6073
vn 0.3658 -0.8810 0.3002
vn 0.6825 0.4696 0.5601
vn 0.4918 -0.7715 0.4036
vn 0.5987 0.6326 0.4913
vn 0.5987 -0.6326 0.4913
vn 0.4918 0.7715 0.4036
vn 0.6825 -0.4696 0.5601
vn 0.3658 0.8810 0.3002
vn 0.7400 -0.2890 0.6073
vn 0.2254 0.9565 0.1850
vn 0.7693 -0.0975 0.6314
vn 0.0761 -0.9951 0.0625
vn 0.0761 0.9951 0.0625
vn 0.7693 0.0975 0.6314
vn 0.5601 -0.4696 0.6825
vn 0.3002 0.8810 0.3658
vn 0.6073 -0.2890 0.7400
vn 0.1850 0.9565 0.2254
vn 0.6314 -0.0975 0.7693
vn 0.0625 -0.9951 0.0761
vn 0.0625 0.9951 0.0761
vn 0.6314 0.0975 0.7693
vn 0.1850 -0.9565 0.2254
vn 0.6073 0.2890 0.7400
vn 0.3002 -0.8810 0.3658
vn 0.5601 0.4696 0.6825
vn 0.4036 -0.7715 0.4918
vn 0.4913 0.6326 0.5987
vn 0.4913 -0.6326 0.5987
vn 0.4036 0.7715 0.4918
vn 0.4513 0.2890 0.8443
vn 0.2230 -0.8810 0.4173
vn 0.4162 0.4696 0.7786
vn 0.2999 -0.7715 0.5611
vn 0.3651 0.6326 0.6831
vn 0.3651 -0.6326 0.6831
vn 0.2999 0.7715 0.5611
vn 0.4162 -0.4696 0.7786
vn 0.2230 0.8810 0.4173
vn 0.4513 -0.2890 0.8443
vn 0.1374 0.9565 0.2571
vn 0.4691 -0.0975 0.8777
vn 0.0464 -0.9951 0.0869
vn 0.0464 0.9951 0.0869
vn 0.4691 0.0975 0.8777
vn 0.1374 -0.9565 0.2571
vn 0.1374 0.8810 0.4528
vn 0.2779 -0.2890 0.9161
vn 0.0846 0.9565 0.2790
vn 0.2889 -0.0975 0.9524
vn 0.0286 -0.9951 0.0942
vn 0.0286 0.9951 0.0942
vn 0.2889 0.0975 0.9524
vn 0.0846 -0.9565 0.2790
vn 0.2779 0.2890 0.9161
vn 0.1374 -0.8810 0.4528
vn 0.2563 0.4696 0.8448
vn 0.1847 -0.7715 0.6088
vn 0.2248 0.6326 0.7412
vn 0.2248 -0.6326 0.7412
vn 0.1847 0.7715 0.6088
vn 0.2563 -0.4696 0.8448
vn 0.0464 -0.8810 0.4709
vn 0.0865 0.4696 0.8786
vn 0.0624 -0.7715 0.6332
vn 0.0759 0.6326 0.7708
vn 0.0759 -0.6326 0.7708
vn 0.0624 0.7715 0.6332
vn 0.0865 -0.4696 0.8786
vn 0.0464 0.8810 0.4709
vn 0.0938 -0.2890 0.9527
vn 0.0286 0.9565 0.2902
vn 0.0976 -0.0975 0.9904
vn 0.0097 -0.9951 0.0980
vn 0.0097 0.9951 0.0980
vn 0.0976 0.0975 0.9904
vn 0.0286 -0.9565 0.2902
vn 0.0938 0.2890 0.9527
vt 0.750000 0.375000
vt 0.718750 0.375000
vt 0.718750 0.437500
vt 0.750000 0.437500
vt 0.750000 0.812500
vt 0.718750 0.812500
vt 0.718750 0.875000
vt 0.750000 0.875000
vt 0.750000 0.312500
vt 0.718750 0.312500
vt 0.750000 0.750000
vt 0.718750 0.750000
vt 0.750000 0.250000
vt 0.718750 0.250000
vt 0.750000 0.687500
vt 0.718750 0.687500
vt 0.750000 0.187500
vt 0.718750 0.187500
vt 0.750000 0.625000
vt 0.718750 0.625000
vt 0.750000 0.125000
vt 0.718750 0.125000
vt 0.750000 0.562500
vt 0.718750 0.562500
vt 0.750000 0.062500
vt 0.718750 0.062500
vt 0.750000 0.500000
vt 0.718750 0.500000
vt 0.750000 0.937500
vt 0.718750 0.937500
vt 0.734375 1.000000
vt 0.734375 0.000000
vt 0.687500 0.437500
vt 0.687500 0.500000
vt 0.687500 0.875000
vt 0.687500 0.937500
vt 0.687500 0.375000
vt 0.687500 0.812500
vt 0.687500 0.312500
vt 0.687500 0.750000
vt 0.687500 0.250000
vt 0.687500 0.687500
vt 0.687500 0.187500
vt 0.687500 0.625000
vt 0.687500 0.125000
vt 0.687500 0.562500
vt 0.687500 0.062500
vt 0.703125 1.000000
vt 0.703125 0.000000
vt 0.656250 0.187500
vt 0.656250 0.250000
vt 0.656250 0.625000
vt 0.656250 0.687500
vt 0.656250 0.125000
vt 0.656250 0.562500
vt 0.656250 0.062500
vt 0.656250 0.500000
vt 0.656250 0.937500
vt 0.671875 1.000000
vt 0.671875 0.000000
vt 0.656250 0.437500
vt 0.656250 0.875000
vt 0.656250 0.375000
vt 0.656250 0.812500
vt 0.656250 0.312500
vt 0.656250 0.750000
vt 0.625000 0.875000
vt 0.625000 0.937500
vt 0.625000 0.375000
vt 0.625000 0.437500
vt 0.625000 0.812500
vt 0.625000 0.312500
vt 0.625000 0.750000
vt 0.625000 0.250000
vt 0.625000 0.687500
vt 0.625000 0.187500
vt 0.625000 0.625000
vt 0.625000 0.125000
vt 0.625000 0.562500
vt 0.625000 0.062500
vt 0.625000 0.500000
vt 0.640625 1.000000
vt 0.640625 0.000000
vt 0.593750 0.625000
vt 0.593750 0.687500
vt 0.593750 0.125000
vt 0.593750 0.187500
vt 0.593750 0.562500
vt 0.593750 0.062500
vt 0.593750 0.500000
vt 0.593750 0.937500
vt 0.609375 1.000000
vt 0.609375 0.000000
vt 0.593750 0.437500
vt 0.593750 0.875000
vt 0.593750 0.375000
vt 0.593750 0.812500
vt 0.593750 0.312500
vt 0.593750 0.750000
vt 0.593750 0.250000
vt 0.562500 0.375000
vt 0.562500 0.437500
vt 0.562500 0.812500
vt 0.562500 0.875000
vt 0.562500 0.312500
vt 0.562500 0.750000
vt 0.562500 0.250000
vt 0.562500 0.687500
vt 0.562500 0.187500
vt 0.562500 0.625000
vt 0.562500 0.125000
vt 0.562500 0.562500
vt 0.562500 0.062500
vt 0.562500 0.500000
vt 0.562500 0.937500
vt 0.578125 1.000000
vt 0.578125 0.000000
vt 0.531250 0.125000
vt 0.531250 0.187500
vt 0.531250 0.562500
vt 0.531250 0.625000
vt 0.531250 0.062500
vt 0.531250 0.500000
vt 0.531250 0.937500
vt 0.546875 1.000000
vt 0.546875 0.000000
vt 0.531250 0.437500
vt 0.531250 0.875000
vt 0.531250 0.375000
vt 0.531250 0.812500
vt 0.531250 0.312500
vt 0.531250 0.750000
vt 0.531250 0.250000
vt 0.531250 0.687500
vt 0.500000 0.312500
vt 0.500000 0.375000
vt 0.500000 0.750000
vt 0.500000 0.812500
vt 0.500000 0.250000
vt 0.500000 0.687500
vt 0.500000 0.187500
vt 0.500000 0.625000
vt 0.500000 0.125000
vt 0.500000 0.562500
vt 0.500000 0.062500
vt 0.500000 0.500000
vt 0.500000 0.937500
vt 0.515625 1.000000
vt 0.515625 0.000000
vt 0.500000 0.437500
vt 0.500000 0.875000
vt 0.468750 0.062500
vt 0.468750 0.125000
vt 0.468750 0.500000
vt 0.468750 0.562500
vt 0.468750 0.937500
vt 0.484375 1.000000
vt 0.484375 0.000000
vt 0.468750 0.437500
vt 0.468750 0.875000
vt 0.468750 0.375000
vt 0.468750 0.812500
vt 0.468750 0.312500
vt 0.468750 0.750000
vt 0.468750 0.250000
vt 0.468750 0.687500
vt 0.468750 0.187500
vt 0.468750 0.625000
vt 0.437500 0.750000
vt 0.437500 0.812500
vt 0.437500 0.250000
vt 0.437500 0.312500
vt 0.437500 0.687500
vt 0.437500 0.187500
vt 0.437500 0.625000
vt 0.437500 0.125000
vt 0.437500 0.562500
vt 0.437500 0.062500
vt 0.437500 0.500000
vt 0.437500 0.937500
vt 0.453125 1.000000
vt 0.453125 0.000000
vt 0.437500 0.437500
vt 0.437500 0.875000
vt 0.437500 0.375000
vt 0.406250 0.500000
vt 0.406250 0.562500
vt 0.406250 0.937500
vt 0.421875 1.000000
vt 0.421875 0.000000
vt 0.406250 0.062500
vt 0.406250 0.437500
vt 0.406250 0.875000
vt 0.406250 0.375000
vt 0.406250 0.812500
vt 0.406250 0.312500
vt 0.406250 0.750000
vt 0.406250 0.250000
vt 0.406250 0.687500
vt 0.406250 0.187500
vt 0.406250 0.625000
vt 0.406250 0.125000
vt 0.375000 0.250000
vt 0.375000 0.312500
vt 0.375000 0.687500
vt 0.375000 0.750000
vt 0.375000 0.187500
vt 0.375000 0.625000
vt 0.375000 0.125000
vt 0.375000 0.562500
vt 0.375000 0.062500
vt 0.375000 0.500000
vt 0.375000 0.937500
vt 0.390625 1.000000
vt 0.390625 0.000000
vt 0.375000 0.437500
vt 0.375000 0.875000
vt 0.375000 0.375000
vt 0.375000 0.812500
vt 0.343750 0.937500
vt 0.359375 1.000000
vt 0.359375 0.000000
vt 0.343750 0.062500
vt 0.343750 0.437500
vt 0.343750 0.500000
vt 0.343750 0.875000
vt 0.343750 0.375000
vt 0.343750 0.812500
vt 0.343750 0.312500
vt 0.343750 0.750000
vt 0.343750 0.250000
vt 0.343750 0.687500
vt 0.343750 0.187500
vt 0.343750 0.625000
vt 0.343750 0.125000
vt 0.343750 0.562500
vt 0.312500 0.687500
vt 0.312500 0.750000
vt 0.312500 0.187500
vt 0.312500 0.250000
vt 0.312500 0.625000
vt 0.312500 0.125000
vt 0.312500 0.562500
vt 0.312500 0.062500
vt 0.312500 0.500000
vt 0.312500 0.937500
vt 0.328125 1.000000
vt 0.328125 0.000000
vt 0.312500 0.437500
vt 0.312500 0.875000
vt 0.312500 0.375000
vt 0.312500 0.812500
vt 0.312500 0.312500
vt 0.281250 0.437500
vt 0.281250 0.500000
vt 0.281250 0.875000
vt 0.281250 0.937500
vt 0.281250 0.375000
vt 0.281250 0.812500
vt 0.281250 0.312500
vt 0.281250 0.750000
vt 0.281250 0.250000
vt 0.281250 0.687500
vt 0.281250 0.187500
vt 0.281250 0.625000
vt 0.281250 0.125000
vt 0.281250 0.562500
vt 0.281250 0.062500
vt 0.296875 1.000000
vt 0.296875 0.000000
vt 0.250000 0.187500
vt 0.250000 0.250000
vt 0.250000 0.625000
vt 0.250000 0.687500
vt 0.250000 0.125000
vt 0.250000 0.562500
vt 0.250000 0.062500
vt 0.250000 0.500000
vt 0.250000 0.937500
vt 0.265625 1.000000
vt 0.265625 0.000000
vt 0.250000 0.437500
vt 0.250000 0.875000
vt 0.250000 0.375000
vt 0.250000 0.812500
vt 0.250000 0.312500
vt 0.250000 0.750000
vt 0.218750 0.375000
vt 0.218750 0.437500
vt 0.218750 0.812500
vt 0.218750 0.875000
vt 0.218750 0.312500
vt 0.218750 0.750000
vt 0.218750 0.250000
vt 0.218750 0.687500
vt 0.218750 0.187500
vt 0.218750 0.625000
vt 0.218750 0.125000
vt 0.218750 0.562500
vt 0.218750 0.062500
vt 0.218750 0.500000
vt 0.218750 0.937500
vt 0.234375 1.000000
vt 0.234375 0.000000
vt 0.187500 0.125000
vt 0.187500 0.187500
vt 0.187500 0.562500
vt 0.187500 0.625000
vt 0.187500 0.062500
vt 0.187500 0.500000
vt 0.187500 0.937500
vt 0.203125 1.000000
vt 0.203125 0.000000
vt 0.187500 0.437500
vt 0.187500 0.875000
vt 0.187500 0.375000
vt 0.187500 0.812500
vt 0.187500 0.312500
vt 0.187500 0.750000
vt 0.187500 0.250000
vt 0.187500 0.687500
vt 0.156250 0.812500
vt 0.156250 0.875000
vt 0.156250 0.312500
vt 0.156250 0.375000
vt 0.156250 0.750000
vt 0.156250 0.250000
vt 0.156250 0.687500
vt 0.156250 0.187500
vt 0.156250 0.625000
vt 0.156250 0.125000
vt 0.156250 0.562500
vt 0.156250 0.062500
vt 0.156250 0.500000
vt 0.156250 0.937500
vt 0.171875 1.000000
vt 0.171875 0.000000
vt 0.156250 0.437500
vt 0.125000 0.562500
vt 0.125000 0.625000
vt 0.125000 0.062500
vt 0.125000 0.125000
vt 0.125000 0.500000
vt 0.125000 0.937500
vt 0.140625 1.000000
vt 0.140625 0.000000
vt 0.125000 0.437500
vt 0.125000 0.875000
vt 0.125000 0.375000
vt 0.125000 0.812500
vt 0.125000 0.312500
vt 0.125000 0.750000
vt 0.125000 0.250000
vt 0.125000 0.687500
vt 0.125000 0.187500
vt 0.093750 0.312500
vt 0.093750 0.375000
vt 0.093750 0.750000
vt 0.093750 0.812500
vt 0.093750 0.250000
vt 0.093750 0.687500
vt 0.093750 0.187500
vt 0.093750 0.625000
vt 0.093750 0.125000
vt 0.093750 0.562500
vt 0.093750 0.062500
vt 0.093750 0.500000
vt 0.093750 0.937500
vt 0.109375 1.000000
vt 0.109375 0.000000
vt 0.093750 0.437500
vt 0.093750 0.875000
vt 0.062500 0.062500
vt 0.062500 0.125000
vt 0.062500 0.500000
vt 0.062500 0.562500
vt 0.062500 0.937500
vt 0.078125 1.000000
vt 0.078125 0.000000
vt 0.062500 0.437500
vt 0.062500 0.875000
vt 0.062500 0.375000
vt 0.062500 0.812500
vt 0.062500 0.312500
vt 0.062500 0.750000
vt 0.062500 0.250000
vt 0.062500 0.687500
vt 0.062500 0.187500
vt 0.062500 0.625000
vt 0.031250 0.750000
vt 0.031250 0.812500
vt 0.031250 0.250000
vt 0.031250 0.312500
vt 0.031250 0.687500
vt 0.031250 0.187500
vt 0.031250 0.625000
vt 0.031250 0.125000
vt 0.031250 0.562500
vt 0.031250 0.062500
vt 0.031250 0.500000
vt 0.031250 0.937500
vt 0.046875 1.000000
vt 0.046875 0.000000
vt 0.031250 0.437500
vt 0.031250 0.875000
vt 0.031250 0.375000
vt 0.000000 0.500000
vt 0.000000 0.562500
vt 0.000000 0.937500
vt 0.015625 1.000000
vt 0.015625 0.000000
vt 0.000000 0.062500
vt 0.000000 0.437500
vt 0.000000 0.875000
vt 0.000000 0.375000
vt 0.000000 0.812500
vt 0.000000 0.312500
vt 0.000000 0.750000
vt 0.000000 0.250000
vt 0.000000 0.687500
vt 0.000000 0.187500
vt 0.000000 0.625000
vt 0.000000 0.125000
vt 1.000000 0.250000
vt 0.968750 0.250000
vt 0.968750 0.312500
vt 1.000000 0.312500
vt 1.000000 0.687500
vt 0.968750 0.687500
vt 0.968750 0.750000
vt 1.000000 0.750000
vt 1.000000 0.187500
vt 0.968750 0.187500
vt 1.000000 0.625000
vt 0.968750 0.625000
vt 1.000000 0.125000
vt 0.968750 0.125000
vt 1.000000 0.562500
vt 0.968750 0.562500
vt 1.000000 0.062500
vt 0.968750 0.062500
vt 1.000000 0.500000
vt 0.968750 0.500000
vt 1.000000 0.937500
vt 0.968750 0.937500
vt 0.984375 1.000000
vt 0.984375 0.000000
vt 1.000000 0.437500
vt 0.968750 0.437500
vt 1.000000 0.875000
vt 0.968750 0.875000
vt 1.000000 0.375000
vt 0.968750 0.375000
vt 1.000000 0.812500
vt 0.968750 0.812500
vt 0.953125 0.000000
vt 0.937500 0.062500
vt 0.937500 0.437500
vt 0.937500 0.500000
vt 0.937500 0.875000
vt 0.937500 0.937500
vt 0.937500 0.375000
vt 0.937500 0.812500
vt 0.937500 0.312500
vt 0.937500 0.750000
vt 0.937500 0.250000
vt 0.937500 0.687500
vt 0.937500 0.187500
vt 0.937500 0.625000
vt 0.937500 0.125000
vt 0.937500 0.562500
vt 0.953125 1.000000
vt 0.906250 0.187500
vt 0.906250 0.250000
vt 0.906250 0.625000
vt 0.906250 0.687500
vt 0.906250 0.125000
vt 0.906250 0.562500
vt 0.906250 0.062500
vt 0.906250 0.500000
vt 0.906250 0.937500
vt 0.921875 1.000000
vt 0.921875 0.000000
vt 0.906250 0.437500
vt 0.906250 0.875000
vt 0.906250 0.375000
vt 0.906250 0.812500
vt 0.906250 0.312500
vt 0.906250 0.750000
vt 0.875000 0.875000
vt 0.875000 0.937500
vt 0.875000 0.375000
vt 0.875000 0.437500
vt 0.875000 0.812500
vt 0.875000 0.312500
vt 0.875000 0.750000
vt 0.875000 0.250000
vt 0.875000 0.687500
vt 0.875000 0.187500
vt 0.875000 0.625000
vt 0.875000 0.125000
vt 0.875000 0.562500
vt 0.875000 0.062500
vt 0.875000 0.500000
vt 0.890625 1.000000
vt 0.890625 0.000000
vt 0.843750 0.625000
vt 0.843750 0.687500
vt 0.843750 0.125000
vt 0.843750 0.187500
vt 0.843750 0.562500
vt 0.843750 0.062500
vt 0.843750 0.500000
vt 0.843750 0.937500
vt 0.859375 1.000000
vt 0.859375 0.000000
vt 0.843750 0.437500
vt 0.843750 0.875000
vt 0.843750 0.375000
vt 0.843750 0.812500
vt 0.843750 0.312500
vt 0.843750 0.750000
vt 0.843750 0.250000
vt 0.812500 0.375000
vt 0.812500 0.437500
vt 0.812500 0.812500
vt 0.812500 0.875000
vt 0.812500 0.312500
vt 0.812500 0.750000
vt 0.812500 0.250000
vt 0.812500 0.687500
vt 0.812500 0.187500
vt 0.812500 0.625000
vt 0.812500 0.125000
vt 0.812500 0.562500
vt 0.812500 0.062500
vt 0.812500 0.500000
vt 0.812500 0.937500
vt 0.828125 1.000000
vt 0.828125 0.000000
vt 0.781250 0.125000
vt 0.781250 0.187500
vt 0.781250 0.562500
vt 0.781250 0.625000
vt 0.781250 0.062500
vt 0.781250 0.500000
vt 0.781250 0.937500
vt 0.796875 1.000000
vt 0.796875 0.000000
vt 0.781250 0.437500
vt 0.781250 0.875000
vt 0.781250 0.375000
vt 0.781250 0.812500
vt 0.781250 0.312500
vt 0.781250 0.750000
vt 0.781250 0.250000
vt 0.781250 0.687500
vt 0.765625 1.000000
vt 0.765625 0.000000
s 0
f 478/1/1 16/2/1 15/3/1 5/4/1
f 1/5/2 9/6/2 8/7/2 475/8/2
f 6/9/3 17/10/3 16/2/3 478/1/3
f 476/11/4 10/12/4 9/6/4 1/5/4
f 479/13/5 18/14/5 17/10/5 6/9/5
f 2/15/6 11/16/6 10/12/6 476/11/6
f 480/17/7 19/18/7 18/14/7 479/13/7
f 477/19/8 12/20/8 11/16/8 2/15/8
f 481/21/9 20/22/9 19/18/9 480/17/9
f 3/23/10 13/24/10 12/20/10 477/19/10
f 482/25/11 21/26/11 20/22/11 481/21/11
f 4/27/12 14/28/12 13/24/12 3/23/12
f 474/29/13 7/30/13 82/31/13
f 308/32/14 21/26/14 482/25/14
f 5/4/15 15/3/15 14/28/15 4/27/15
f 475/8/16 8/7/16 7/30/16 474/29/16
f 15/3/17 30/33/17 29/34/17 14/28/17
f 8/7/18 23/35/18 22/36/18 7/30/18
f 16/2/19 31/37/19 30/33/19 15/3/19
f 9/6/20 24/38/20 23/35/20 8/7/20
f 17/10/21 32/39/21 31/37/21 16/2/21
f 10/12/22 25/40/22 24/38/22 9/6/22
f 18/14/23 33/41/23 32/39/23 17/10/23
f 11/16/24 26/42/24 25/40/24 10/12/24
f 19/18/25 34/43/25 33/41/25 18/14/25
f 12/20/26 27/44/26 26/42/26 11/16/26
f 20/22/27 35/45/27 34/43/27 19/18/27
f 13/24/28 28/46/28 27/44/28 12/20/28
f 21/26/29 36/47/29 35/45/29 20/22/29
f 14/28/30 29/34/30 28/46/30 13/24/30
f 7/30/31 22/36/31 82/48/31
f 308/49/32 36/47/32 21/26/32
f 34/43/33 49/50/33 48/51/33 33/41/33
f 27/44/34 42/52/34 41/53/34 26/42/34
f 35/45/35 50/54/35 49/50/35 34/43/35
f 28/46/36 43/55/36 42/52/36 27/44/36
f 36/47/37 51/56/37 50/54/37 35/45/37
f 29/34/38 44/57/38 43/55/38 28/46/38
f 22/36/39 37/58/39 82/59/39
f 308/60/40 51/56/40 36/47/40
f 30/33/41 45/61/41 44/57/41 29/34/41
f 23/35/42 38/62/42 37/58/42 22/36/42
f 31/37/43 46/63/43 45/61/43 30/33/43
f 24/38/44 39/64/44 38/62/44 23/35/44
f 32/39/45 47/65/45 46/63/45 31/37/45
f 25/40/46 40/66/46 39/64/46 24/38/46
f 33/41/47 48/51/47 47/65/47 32/39/47
f 26/42/48 41/53/48 40/66/48 25/40/48
f 38/62/49 53/67/49 52/68/49 37/58/49
f 46/63/50 61/69/50 60/70/50 45/61/50
f 39/64/51 54/71/51 53/67/51 38/62/51
f 47/65/52 62/72/52 61/69/52 46/63/52
f 40/66/53 55/73/53 54/71/53 39/64/53
f 48/51/54 63/74/54 62/72/54 47/65/54
f 41/53/55 56/75/55 55/73/55 40/66/55
f 49/50/56 64/76/56 63/74/56 48/51/56
f 42/52/57 57/77/57 56/75/57 41/53/57
f 50/54/58 65/78/58 64/76/58 49/50/58
f 43/55/59 58/79/59 57/77/59 42/52/59
f 51/56/60 66/80/60 65/78/60 50/54/60
f 44/57/61 59/81/61 58/79/61 43/55/61
f 37/58/62 52/68/62 82/82/62
f 308/83/63 66/80/63 51/56/63
f 45/61/64 60/70/64 59/81/64 44/57/64
f 57/77/65 72/84/65 71/85/65 56/75/65
f 65/78/66 80/86/66 79/87/66 64/76/66
f 58/79/67 73/88/67 72/84/67 57/77/67
f 66/80/68 81/89/68 80/86/68 65/78/68
f 59/81/69 74/90/69 73/88/69 58/79/69
f 52/68/70 67/91/70 82/92/70
f 308/93/71 81/89/71 66/80/71
f 60/70/72 75/94/72 74/90/72 59/81/72
f 53/67/73 68/95/73 67/91/73 52/68/73
f 61/69/74 76/96/74 75/94/74 60/70/74
f 54/71/75 69/97/75 68/95/75 53/67/75
f 62/72/76 77/98/76 76/96/76 61/69/76
f 55/73/77 70/99/77 69/97/77 54/71/77
f 63/74/78 78/100/78 77/98/78 62/72/78
f 56/75/79 71/85/79 70/99/79 55/73/79
f 64/76/80 79/87/80 78/100/80 63/74/80
f 76/96/81 92/101/81 91/102/81 75/94/81
f 69/97/82 85/103/82 84/104/82 68/95/82
f 77/98/83 93/105/83 92/101/83 76/96/83
f 70/99/84 86/106/84 85/103/84 69/97/84
f 78/100/85 94/107/85 93/105/85 77/98/85
f 71/85/86 87/108/86 86/106/86 70/99/86
f 79/87/87 95/109/87 94/107/87 78/100/87
f 72/84/88 88/110/88 87/108/88 71/85/88
f 80/86/89 96/111/89 95/109/89 79/87/89
f 73/88/90 89/112/90 88/110/90 72/84/90
f 81/89/91 97/113/91 96/111/91 80/86/91
f 74/90/92 90/114/92 89/112/92 73/88/92
f 67/91/93 83/115/93 82/116/93
f 308/117/94 97/113/94 81/89/94
f 75/94/95 91/102/95 90/114/95 74/90/95
f 68/95/96 84/104/96 83/115/96 67/91/96
f 96/111/97 111/118/97 110/119/97 95/109/97
f 89/112/98 104/120/98 103/121/98 88/110/98
f 97/113/99 112/122/99 111/118/99 96/111/99
f 90/114/100 105/123/100 104/120/100 89/112/100
f 83/115/101 98/124/101 82/125/101
f 308/126/102 112/122/102 97/113/102
f 91/102/103 106/127/103 105/123/103 90/114/103
f 84/104/104 99/128/104 98/124/104 83/115/104
f 92/101/105 107/129/105 106/127/105 91/102/105
f 85/103/106 100/130/106 99/128/106 84/104/106
f 93/105/107 108/131/107 107/129/107 92/101/107
f 86/106/108 101/132/108 100/130/108 85/103/108
f 94/107/109 109/133/109 108/131/109 93/105/109
f 87/108/110 102/134/110 101/132/110 86/106/110
f 95/109/111 110/119/111 109/133/111 94/107/111
f 88/110/112 103/121/112 102/134/112 87/108/112
f 108/131/113 123/135/113 122/136/113 107/129/113
f 101/132/114 116/137/114 115/138/114 100/130/114
f 109/133/115 124/139/115 123/135/115 108/131/115
f 102/134/116 117/140/116 116/137/116 101/132/116
f 110/119/117 125/141/117 124/139/117 109/133/117
f 103/121/118 118/142/118 117/140/118 102/134/118
f 111/118/119 126/143/119 125/141/119 110/119/119
f 104/120/120 119/144/120 118/142/120 103/121/120
f 112/122/121 127/145/121 126/143/121 111/118/121
f 105/123/122 120/146/122 119/144/122 104/120/122
f 98/124/123 113/147/123 82/148/123
f 308/149/124 127/145/124 112/122/124
f 106/127/125 121/150/125 120/146/125 105/123/125
f 99/128/126 114/151/126 113/147/126 98/124/126
f 107/129/127 122/136/127 121/150/127 106/127/127
f 100/130/128 115/138/128 114/151/128 99/128/128
f 127/145/129 142/152/129 141/153/129 126/143/129
f 120/146/130 135/154/130 134/155/130 119/144/130
f 113/147/131 128/156/131 82/157/131
f 308/158/132 142/152/132 127/145/132
f 121/150/133 136/159/133 135/154/133 120/146/133
f 114/151/134 129/160/134 128/156/134 113/147/134
f 122/136/135 137/161/135 136/159/135 121/150/135
f 115/138/136 130/162/136 129/160/136 114/151/136
f 123/135/137 138/163/137 137/161/137 122/136/137
f 116/137/138 131/164/138 130/162/138 115/138/138
f 124/139/139 139/165/139 138/163/139 123/135/139
f 117/140/140 132/166/140 131/164/140 116/137/140
f 125/141/141 140/167/141 139/165/141 124/139/141
f 118/142/142 133/168/142 132/166/142 117/140/142
f 126/143/143 141/153/143 140/167/143 125/141/143
f 119/144/144 134/155/144 133/168/144 118/142/144
f 131/164/145 146/169/145 145/170/145 130/162/145
f 139/165/146 154/171/146 153/172/146 138/163/146
f 132/166/147 147/173/147 146/169/147 131/164/147
f 140/167/148 155/174/148 154/171/148 139/165/148
f 133/168/149 148/175/149 147/173/149 132/166/149
f 141/153/150 156/176/150 155/174/150 140/167/150
f 134/155/151 149/177/151 148/175/151 133/168/151
f 142/152/152 157/178/152 156/176/152 141/153/152
f 135/154/153 150/179/153 149/177/153 134/155/153
f 128/156/154 143/180/154 82/181/154
f 308/182/155 157/178/155 142/152/155
f 136/159/156 151/183/156 150/179/156 135/154/156
f 129/160/157 144/184/157 143/180/157 128/156/157
f 137/161/158 152/185/158 151/183/158 136/159/158
f 130/162/159 145/170/159 144/184/159 129/160/159
f 138/163/160 153/172/160 152/185/160 137/161/160
f 150/179/161 165/186/161 164/187/161 149/177/161
f 143/180/162 158/188/162 82/189/162
f 308/190/163 172/191/163 157/178/163
f 151/183/164 166/192/164 165/186/164 150/179/164
f 144/184/165 159/193/165 158/188/165 143/180/165
f 152/185/166 167/194/166 166/192/166 151/183/166
f 145/170/167 160/195/167 159/193/167 144/184/167
f 153/172/168 168/196/168 167/194/168 152/185/168
f 146/169/169 161/197/169 160/195/169 145/170/169
f 154/171/170 169/198/170 168/196/170 153/172/170
f 147/173/171 162/199/171 161/197/171 146/169/171
f 155/174/172 170/200/172 169/198/172 154/171/172
f 148/175/173 163/201/173 162/199/173 147/173/173
f 156/176/174 171/202/174 170/200/174 155/174/174
f 149/177/175 164/187/175 163/201/175 148/175/175
f 157/178/176 172/191/176 171/202/176 156/176/176
f 169/198/177 184/203/177 183/204/177 168/196/177
f 162/199/178 177/205/178 176/206/178 161/197/178
f 170/200/179 185/207/179 184/203/179 169/198/179
f 163/201/180 178/208/180 177/205/180 162/199/180
f 171/202/181 186/209/181 185/207/181 170/200/181
f 164/187/182 179/210/182 178/208/182 163/201/182
f 172/191/183 187/211/183 186/209/183 171/202/183
f 165/186/184 180/212/184 179/210/184 164/187/184
f 158/188/185 173/213/185 82/214/185
f 308/215/186 187/211/186 172/191/186
f 166/192/187 181/216/187 180/212/187 165/186/187
f 159/193/188 174/217/188 173/213/188 158/188/188
f 167/194/189 182/218/189 181/216/189 166/192/189
f 160/195/190 175/219/190 174/217/190 159/193/190
f 168/196/191 183/204/191 182/218/191 167/194/191
f 161/197/192 176/206/192 175/219/192 160/195/192
f 173/213/193 188/220/193 82/221/193
f 308/222/194 202/223/194 187/211/194
f 181/216/195 196/224/195 195/225/195 180/212/195
f 174/217/196 189/226/196 188/220/196 173/213/196
f 182/218/197 197/227/197 196/224/197 181/216/197
f 175/219/198 190/228/198 189/226/198 174/217/198
f 183/204/199 198/229/199 197/227/199 182/218/199
f 176/206/200 191/230/200 190/228/200 175/219/200
f 184/203/201 199/231/201 198/229/201 183/204/201
f 177/205/202 192/232/202 191/230/202 176/206/202
f 185/207/203 200/233/203 199/231/203 184/203/203
f 178/208/204 193/234/204 192/232/204 177/205/204
f 186/209/205 201/235/205 200/233/205 185/207/205
f 179/210/206 194/236/206 193/234/206 178/208/206
f 187/211/207 202/223/207 201/235/207 186/209/207
f 180/212/208 195/225/208 194/236/208 179/210/208
f 192/232/209 207/237/209 206/238/209 191/230/209
f 200/233/210 215/239/210 214/240/210 199/231/210
f 193/234/211 208/241/211 207/237/211 192/232/211
f 201/235/212 216/242/212 215/239/212 200/233/212
f 194/236/213 209/243/213 208/241/213 193/234/213
f 202/223/214 217/244/214 216/242/214 201/235/214
f 195/225/215 210/245/215 209/243/215 194/236/215
f 188/220/216 203/246/216 82/247/216
f 308/248/217 217/244/217 202/223/217
f 196/224/218 211/249/218 210/245/218 195/225/218
f 189/226/219 204/250/219 203/246/219 188/220/219
f 197/227/220 212/251/220 211/249/220 196/224/220
f 190/228/221 205/252/221 204/250/221 189/226/221
f 198/229/222 213/253/222 212/251/222 197/227/222
f 191/230/223 206/238/223 205/252/223 190/228/223
f 199/231/224 214/240/224 213/253/224 198/229/224
f 211/249/225 226/254/225 225/255/225 210/245/225
f 204/250/226 219/256/226 218/257/226 203/246/226
f 212/251/227 227/258/227 226/254/227 211/249/227
f 205/252/228 220/259/228 219/256/228 204/250/228
f 213/253/229 228/260/229 227/258/229 212/251/229
f 206/238/230 221/261/230 220/259/230 205/252/230
f 214/240/231 229/262/231 228/260/231 213/253/231
f 207/237/232 222/263/232 221/261/232 206/238/232
f 215/239/233 230/264/233 229/262/233 214/240/233
f 208/241/234 223/265/234 222/263/234 207/237/234
f 216/242/235 231/266/235 230/264/235 215/239/235
f 209/243/236 224/267/236 223/265/236 208/241/236
f 217/244/237 232/268/237 231/266/237 216/242/237
f 210/245/238 225/255/238 224/267/238 209/243/238
f 203/246/239 218/257/239 82/269/239
f 308/270/240 232/268/240 217/244/240
f 230/264/241 245/271/241 244/272/241 229/262/241
f 223/265/242 238/273/242 237/274/242 222/263/242
f 231/266/243 246/275/243 245/271/243 230/264/243
f 224/267/244 239/276/244 238/273/244 223/265/244
f 232/268/245 247/277/245 246/275/245 231/266/245
f 225/255/246 240/278/246 239/276/246 224/267/246
f 218/257/247 233/279/247 82/280/247
f 308/281/248 247/277/248 232/268/248
f 226/254/249 241/282/249 240/278/249 225/255/249
f 219/256/250 234/283/250 233/279/250 218/257/250
f 227/258/251 242/284/251 241/282/251 226/254/251
f 220/259/252 235/285/252 234/283/252 219/256/252
f 228/260/253 243/286/253 242/284/253 227/258/253
f 221/261/254 236/287/254 235/285/254 220/259/254
f 229/262/255 244/272/255 243/286/255 228/260/255
f 222/263/256 237/274/256 236/287/256 221/261/256
f 242/284/257 257/288/257 256/289/257 241/282/257
f 235/285/258 250/290/258 249/291/258 234/283/258
f 243/286/259 258/292/259 257/288/259 242/284/259
f 236/287/260 251/293/260 250/290/260 235/285/260
f 244/272/261 259/294/261 258/292/261 243/286/261
f 237/274/262 252/295/262 251/293/262 236/287/262
f 245/271/263 260/296/263 259/294/263 244/272/263
f 238/273/264 253/297/264 252/295/264 237/274/264
f 246/275/265 261/298/265 260/296/265 245/271/265
f 239/276/266 254/299/266 253/297/266 238/273/266
f 247/277/267 262/300/267 261/298/267 246/275/267
f 240/278/268 255/301/268 254/299/268 239/276/268
f 233/279/269 248/302/269 82/303/269
f 308/304/270 262/300/270 247/277/270
f 241/282/271 256/289/271 255/301/271 240/278/271
f 234/283/272 249/291/272 248/302/272 233/279/272
f 261/298/273 276/305/273 275/306/273 260/296/273
f 254/299/274 269/307/274 268/308/274 253/297/274
f 262/300/275 277/309/275 276/305/275 261/298/275
f 255/301/276 270/310/276 269/307/276 254/299/276
f 248/302/277 263/311/277 82/312/277
f 308/313/278 277/309/278 262/300/278
f 256/289/279 271/314/279 270/310/279 255/301/279
f 249/291/280 264/315/280 263/311/280 248/302/280
f 257/288/281 272/316/281 271/314/281 256/289/281
f 250/290/282 265/317/282 264/315/282 249/291/282
f 258/292/283 273/318/283 272/316/283 257/288/283
f 251/293/284 266/319/284 265/317/284 250/290/284
f 259/294/285 274/320/285 273/318/285 258/292/285
f 252/295/286 267/321/286 266/319/286 251/293/286
f 260/296/287 275/306/287 274/320/287 259/294/287
f 253/297/288 268/308/288 267/321/288 252/295/288
f 265/317/289 280/322/289 279/323/289 264/315/289
f 273/318/290 288/324/290 287/325/290 272/316/290
f 266/319/291 281/326/291 280/322/291 265/317/291
f 274/320/292 289/327/292 288/324/292 273/318/292
f 267/321/293 282/328/293 281/326/293 266/319/293
f 275/306/294 290/329/294 289/327/294 274/320/294
f 268/308/295 283/330/295 282/328/295 267/321/295
f 276/305/296 291/331/296 290/329/296 275/306/296
f 269/307/297 284/332/297 283/330/297 268/308/297
f 277/309/298 292/333/298 291/331/298 276/305/298
f 270/310/299 285/334/299 284/332/299 269/307/299
f 263/311/300 278/335/300 82/336/300
f 308/337/301 292/333/301 277/309/301
f 271/314/302 286/338/302 285/334/302 270/310/302
f 264/315/303 279/323/303 278/335/303 263/311/303
f 272/316/304 287/325/304 286/338/304 271/314/304
f 284/332/305 299/339/305 298/340/305 283/330/305
f 292/333/306 307/341/306 306/342/306 291/331/306
f 285/334/307 300/343/307 299/339/307 284/332/307
f 278/335/308 293/344/308 82/345/308
f 308/346/309 307/341/309 292/333/309
f 286/338/310 301/347/310 300/343/310 285/334/310
f 279/323/311 294/348/311 293/344/311 278/335/311
f 287/325/312 302/349/312 301/347/312 286/338/312
f 280/322/313 295/350/313 294/348/313 279/323/313
f 288/324/314 303/351/314 302/349/314 287/325/314
f 281/326/315 296/352/315 295/350/315 280/322/315
f 289/327/316 304/353/316 303/351/316 288/324/316
f 282/328/317 297/354/317 296/352/317 281/326/317
f 290/329/318 305/355/318 304/353/318 289/327/318
f 283/330/319 298/340/319 297/354/319 282/328/319
f 291/331/320 306/342/320 305/355/320 290/329/320
f 303/351/321 319/356/321 318/357/321 302/349/321
f 296/352/322 312/358/322 311/359/322 295/350/322
f 304/353/323 320/360/323 319/356/323 303/351/323
f 297/354/324 313/361/324 312/358/324 296/352/324
f 305/355/325 321/362/325 320/360/325 304/353/325
f 298/340/326 314/363/326 313/361/326 297/354/326
f 306/342/327 322/364/327 321/362/327 305/355/327
f 299/339/328 315/365/328 314/363/328 298/340/328
f 307/341/329 323/366/329 322/364/329 306/342/329
f 300/343/330 316/367/330 315/365/330 299/339/330
f 293/344/331 309/368/331 82/369/331
f 308/370/332 323/366/332 307/341/332
f 301/347/333 317/371/333 316/367/333 300/343/333
f 294/348/334 310/372/334 309/368/334 293/344/334
f 302/349/335 318/357/335 317/371/335 301/347/335
f 295/350/336 311/359/336 310/372/336 294/348/336
f 323/366/337 338/373/337 337/374/337 322/364/337
f 316/367/338 331/375/338 330/376/338 315/365/338
f 309/368/339 324/377/339 82/378/339
f 308/379/340 338/373/340 323/366/340
f 317/371/341 332/380/341 331/375/341 316/367/341
f 310/372/342 325/381/342 324/377/342 309/368/342
f 318/357/343 333/382/343 332/380/343 317/371/343
f 311/359/344 326/383/344 325/381/344 310/372/344
f 319/356/345 334/384/345 333/382/345 318/357/345
f 312/358/346 327/385/346 326/383/346 311/359/346
f 320/360/347 335/386/347 334/384/347 319/356/347
f 313/361/348 328/387/348 327/385/348 312/358/348
f 321/362/349 336/388/349 335/386/349 320/360/349
f 314/363/350 329/389/350 328/387/350 313/361/350
f 322/364/351 337/374/351 336/388/351 321/362/351
f 315/365/352 330/376/352 329/389/352 314/363/352
f 327/385/353 342/390/353 341/391/353 326/383/353
f 335/386/354 350/392/354 349/393/354 334/384/354
f 328/387/355 343/394/355 342/390/355 327/385/355
f 336/388/356 351/395/356 350/392/356 335/386/356
f 329/389/357 344/396/357 343/394/357 328/387/357
f 337/374/358 352/397/358 351/395/358 336/388/358
f 330/376/359 345/398/359 344/396/359 329/389/359
f 338/373/360 353/399/360 352/397/360 337/374/360
f 331/375/361 346/400/361 345/398/361 330/376/361
f 324/377/362 339/401/362 82/402/362
f 308/403/363 353/399/363 338/373/363
f 332/380/364 347/404/364 346/400/364 331/375/364
f 325/381/365 340/405/365 339/401/365 324/377/365
f 333/382/366 348/406/366 347/404/366 332/380/366
f 326/383/367 341/391/367 340/405/367 325/381/367
f 334/384/368 349/393/368 348/406/368 333/382/368
f 346/400/369 361/407/369 360/408/369 345/398/369
f 339/401/370 354/409/370 82/410/370
f 308/411/371 368/412/371 353/399/371
f 347/404/372 362/413/372 361/407/372 346/400/372
f 340/405/373 355/414/373 354/409/373 339/401/373
f 348/406/374 363/415/374 362/413/374 347/404/374
f 341/391/375 356/416/375 355/414/375 340/405/375
f 349/393/376 364/417/376 363/415/376 348/406/376
f 342/390/377 357/418/377 356/416/377 341/391/377
f 350/392/378 365/419/378 364/417/378 349/393/378
f 343/394/379 358/420/379 357/418/379 342/390/379
f 351/395/380 366/421/380 365/419/380 350/392/380
f 344/396/381 359/422/381 358/420/381 343/394/381
f 352/397/382 367/423/382 366/421/382 351/395/382
f 345/398/383 360/408/383 359/422/383 344/396/383
f 353/399/384 368/412/384 367/423/384 352/397/384
f 365/424/385 380/425/385 379/426/385 364/427/385
f 358/428/386 373/429/386 372/430/386 357/431/386
f 366/432/387 381/433/387 380/425/387 365/424/387
f 359/434/388 374/435/388 373/429/388 358/428/388
f 367/436/389 382/437/389 381/433/389 366/432/389
f 360/438/390 375/439/390 374/435/390 359/434/390
f 368/440/391 383/441/391 382/437/391 367/436/391
f 361/442/392 376/443/392 375/439/392 360/438/392
f 354/444/393 369/445/393 82/446/393
f 308/447/394 383/441/394 368/440/394
f 362/448/395 377/449/395 376/443/395 361/442/395
f 355/450/396 370/451/396 369/445/396 354/444/396
f 363/452/397 378/453/397 377/449/397 362/448/397
f 356/454/398 371/455/398 370/451/398 355/450/398
f 364/427/399 379/426/399 378/453/399 363/452/399
f 357/431/400 372/430/400 371/455/400 356/454/400
f 308/456/401 398/457/401 383/441/401
f 377/449/402 392/458/402 391/459/402 376/443/402
f 370/451/403 385/460/403 384/461/403 369/445/403
f 378/453/404 393/462/404 392/458/404 377/449/404
f 371/455/405 386/463/405 385/460/405 370/451/405
f 379/426/406 394/464/406 393/462/406 378/453/406
f 372/430/407 387/465/407 386/463/407 371/455/407
f 380/425/408 395/466/408 394/464/408 379/426/408
f 373/429/409 388/467/409 387/465/409 372/430/409
f 381/433/410 396/468/410 395/466/410 380/425/410
f 374/435/411 389/469/411 388/467/411 373/429/411
f 382/437/412 397/470/412 396/468/412 381/433/412
f 375/439/413 390/471/413 389/469/413 374/435/413
f 383/441/414 398/457/414 397/470/414 382/437/414
f 376/443/415 391/459/415 390/471/415 375/439/415
f 369/445/416 384/461/416 82/472/416
f 396/468/417 411/473/417 410/474/417 395/466/417
f 389/469/418 404/475/418 403/476/418 388/467/418
f 397/470/419 412/477/419 411/473/419 396/468/419
f 390/471/420 405/478/420 404/475/420 389/469/420
f 398/457/421 413/479/421 412/477/421 397/470/421
f 391/459/422 406/480/422 405/478/422 390/471/422
f 384/461/423 399/481/423 82/482/423
f 308/483/424 413/479/424 398/457/424
f 392/458/425 407/484/425 406/480/425 391/459/425
f 385/460/426 400/485/426 399/481/426 384/461/426
f 393/462/427 408/486/427 407/484/427 392/458/427
f 386/463/428 401/487/428 400/485/428 385/460/428
f 394/464/429 409/488/429 408/486/429 393/462/429
f 387/465/430 402/489/430 401/487/430 386/463/430
f 395/466/431 410/474/431 409/488/431 394/464/431
f 388/467/432 403/476/432 402/489/432 387/465/432
f 400/485/433 415/490/433 414/491/433 399/481/433
f 408/486/434 423/492/434 422/493/434 407/484/434
f 401/487/435 416/494/435 415/490/435 400/485/435
f 409/488/436 424/495/436 423/492/436 408/486/436
f 402/489/437 417/496/437 416/494/437 401/487/437
f 410/474/438 425/497/438 424/495/438 409/488/438
f 403/476/439 418/498/439 417/496/439 402/489/439
f 411/473/440 426/499/440 425/497/440 410/474/440
f 404/475/441 419/500/441 418/498/441 403/476/441
f 412/477/442 427/501/442 426/499/442 411/473/442
f 405/478/443 420/502/443 419/500/443 404/475/443
f 413/479/444 428/503/444 427/501/444 412/477/444
f 406/480/445 421/504/445 420/502/445 405/478/445
f 399/481/446 414/491/446 82/505/446
f 308/506/447 428/503/447 413/479/447
f 407/484/448 422/493/448 421/504/448 406/480/448
f 419/500/449 434/507/449 433/508/449 418/498/449
f 427/501/450 442/509/450 441/510/450 426/499/450
f 420/502/451 435/511/451 434/507/451 419/500/451
f 428/503/452 443/512/452 442/509/452 427/501/452
f 421/504/453 436/513/453 435/511/453 420/502/453
f 414/491/454 429/514/454 82/515/454
f 308/516/455 443/512/455 428/503/455
f 422/493/456 437/517/456 436/513/456 421/504/456
f 415/490/457 430/518/457 429/514/457 414/491/457
f 423/492/458 438/519/458 437/517/458 422/493/458
f 416/494/459 431/520/459 430/518/459 415/490/459
f 424/495/460 439/521/460 438/519/460 423/492/460
f 417/496/461 432/522/461 431/520/461 416/494/461
f 425/497/462 440/523/462 439/521/462 424/495/462
f 418/498/463 433/508/463 432/522/463 417/496/463
f 426/499/464 441/510/464 440/523/464 425/497/464
f 438/519/465 453/524/465 452/525/465 437/517/465
f 431/520/466 446/526/466 445/527/466 430/518/466
f 439/521/467 454/528/467 453/524/467 438/519/467
f 432/522/468 447/529/468 446/526/468 431/520/468
f 440/523/469 455/530/469 454/528/469 439/521/469
f 433/508/470 448/531/470 447/529/470 432/522/470
f 441/510/471 456/532/471 455/530/471 440/523/471
f 434/507/472 449/533/472 448/531/472 433/508/472
f 442/509/473 457/534/473 456/532/473 441/510/473
f 435/511/474 450/535/474 449/533/474 434/507/474
f 443/512/475 458/536/475 457/534/475 442/509/475
f 436/513/476 451/537/476 450/535/476 435/511/476
f 429/514/477 444/538/477 82/539/477
f 308/540/478 458/536/478 443/512/478
f 437/517/479 452/525/479 451/537/479 436/513/479
f 430/518/480 445/527/480 444/538/480 429/514/480
f 457/534/481 472/541/481 471/542/481 456/532/481
f 450/535/482 465/543/482 464/544/482 449/533/482
f 458/536/483 473/545/483 472/541/483 457/534/483
f 451/537/484 466/546/484 465/543/484 450/535/484
f 444/538/485 459/547/485 82/548/485
f 308/549/486 473/545/486 458/536/486
f 452/525/487 467/550/487 466/546/487 451/537/487
f 445/527/488 460/551/488 459/547/488 444/538/488
f 453/524/489 468/552/489 467/550/489 452/525/489
f 446/526/490 461/553/490 460/551/490 445/527/490
f 454/528/491 469/554/491 468/552/491 453/524/491
f 447/529/492 462/555/492 461/553/492 446/526/492
f 455/530/493 470/556/493 469/554/493 454/528/493
f 448/531/494 463/557/494 462/555/494 447/529/494
f 456/532/495 471/542/495 470/556/495 455/530/495
f 449/533/496 464/544/496 463/557/496 448/531/496
f 461/553/497 1/5/497 475/8/497 460/551/497
f 469/554/498 6/9/498 478/1/498 468/552/498
f 462/555/499 476/11/499 1/5/499 461/553/499
f 470/556/500 479/13/500 6/9/500 469/554/500
f 463/557/501 2/15/501 476/11/501 462/555/501
f 471/542/502 480/17/502 479/13/502 470/556/502
f 464/544/503 477/19/503 2/15/503 463/557/503
f 472/541/504 481/21/504 480/17/504 471/542/504
f 465/543/505 3/23/505 477/19/505 464/544/505
f 473/545/506 482/25/506 481/21/506 472/541/506
f 466/546/507 4/27/507 3/23/507 465/543/507
f 459/547/508 474/29/508 82/558/508
f 308/559/509 482/25/509 473/545/509
f 467/550/510 5/4/510 4/27/510 466/546/510
f 460/551/511 475/8/511 474/29/511 459/547/511
f 468/552/512 478/1/512 5/4/512 467/550/512
o Sphere.001
v 0.318557 367.787292 -110.175407
v 0.318557 314.255493 -163.707214
v 0.318557 244.312790 -192.678406
v 0.318557 206.460083 -196.406570
v 0.318557 168.607376 -192.678406
v 0.318557 98.664696 -163.707184
v 7.703254 396.758484 -39.505402
v 14.804162 385.717285 -75.204063
v 21.348394 367.787292 -108.104149
v 27.084463 343.657593 -136.941299
v 31.791931 314.255493 -160.607346
v 35.289894 280.710846 -178.192795
v 37.443932 244.312790 -189.021866
v 38.171265 206.460083 -192.678406
v 37.443932 168.607376 -189.021866
v 35.289894 132.209320 -178.192795
v 31.791931 98.664696 -160.607315
v 27.084463 69.262596 -136.941269
v 21.348394 45.132912 -108.104118
v 14.804162 27.202936 -75.204033
v 7.703254 16.161694 -39.505371
v 14.804160 396.758484 -37.351360
v 28.733093 385.717285 -70.978775
v 41.570065 367.787292 -101.969963
v 52.821766 343.657593 -129.133987
v 62.055798 314.255493 -151.426880
v 68.917305 280.710846 -167.992020
v 73.142609 244.312790 -178.192795
v 74.569313 206.460083 -181.637161
v 73.142609 168.607376 -178.192795
v 68.917305 132.209320 -167.992020
v 62.055798 98.664703 -151.426849
v 52.821766 69.262596 -129.133957
v 41.570065 45.132912 -101.969933
v 28.733093 27.202936 -70.978745
v 14.804160 16.161695 -37.351330
v 21.348391 396.758484 -33.853394
v 41.570065 385.717285 -64.117264
v 60.206463 367.787292 -92.008583
v 76.541405 343.657593 -116.455559
v 89.947136 314.255493 -136.518646
v 99.908493 280.710846 -151.426880
v 106.042686 244.312790 -160.607330
v 108.113937 206.460083 -163.707169
v 106.042686 168.607376 -160.607330
v 99.908493 132.209320 -151.426880
v 89.947136 98.664703 -136.518616
v 76.541405 69.262596 -116.455544
v 60.206463 45.132912 -92.008553
v 41.570065 27.202936 -64.117233
v 21.348391 16.161695 -33.853363
v 27.084459 396.758484 -29.145920
v 52.821766 385.717285 -54.883224
v 76.541397 367.787292 -78.602844
v 97.331841 343.657593 -99.393303
v 114.394089 314.255493 -116.455536
v 127.072502 280.710846 -129.133972
v 134.879837 244.312790 -136.941284
v 137.516068 206.460083 -139.577469
v 134.879837 168.607376 -136.941284
v 127.072502 132.209320 -129.133972
v 114.394089 98.664703 -116.455521
v 97.331841 69.262596 -99.393288
v 76.541397 45.132912 -78.602814
v 52.821766 27.202938 -54.883198
v 27.084459 16.161695 -29.145891
v 31.791929 396.758484 -23.409849
v 62.055801 385.717285 -43.631527
v 89.947144 367.787292 -62.267910
v 114.394104 343.657593 -78.602852
v 134.457214 314.255493 -92.008568
v 149.365417 280.710846 -101.969963
v 158.545898 244.312790 -108.104111
v 161.645752 206.460083 -110.175346
v 158.545898 168.607376 -108.104111
v 149.365417 132.209320 -101.969948
v 134.457214 98.664703 -92.008553
v 114.394104 69.262596 -78.602837
v 89.947144 45.132915 -62.267887
v 62.055801 27.202938 -43.631500
v 31.791929 16.161695 -23.409821
v 0.318557 400.486694 -2.380019
v 35.289886 396.758484 -16.865620
v 68.917305 385.717285 -30.794546
v 99.908493 367.787292 -43.631516
v 127.072510 343.657593 -54.883232
v 149.365417 314.255493 -64.117226
v 165.930588 280.710846 -70.978767
v 176.131348 244.312805 -75.204018
v 179.575714 206.460098 -76.630714
v 176.131348 168.607391 -75.204018
v 165.930588 132.209335 -70.978752
v 149.365417 98.664703 -64.117210
v 127.072510 69.262596 -54.883209
v 99.908493 45.132915 -43.631493
v 68.917305 27.202940 -30.794519
v 35.289886 16.161695 -16.865591
v 37.443924 396.758484 -9.764711
v 73.142601 385.717285 -16.865618
v 106.042679 367.787292 -23.409842
v 134.879837 343.657593 -29.145926
v 158.545868 314.255493 -33.853367
v 176.131348 280.710846 -37.351364
v 186.960419 244.312805 -39.505367
v 190.616928 206.460098 -40.232677
v 186.960419 168.607391 -39.505360
v 176.131348 132.209335 -37.351353
v 158.545868 98.664711 -33.853352
v 134.879837 69.262604 -29.145905
v 106.042679 45.132919 -23.409817
v 73.142601 27.202940 -16.865591
v 37.443924 16.161697 -9.764683
v 38.171253 396.758484 -2.380017
v 74.569305 385.717285 -2.380014
v 108.113922 367.787292 -2.380007
v 137.516052 343.657593 -2.380018
v 161.645721 314.255493 -2.379996
v 179.575729 280.710846 -2.380019
v 190.616943 244.312805 -2.379990
v 194.345093 206.460098 -2.379972
v 190.616943 168.607391 -2.379985
v 179.575729 132.209335 -2.380008
v 161.645721 98.664711 -2.379979
v 137.516052 69.262604 -2.379997
v 108.113922 45.132919 -2.379982
v 74.569305 27.202942 -2.379987
v 38.171253 16.161697 -2.379988
v 37.443920 396.758484 5.004677
v 73.142601 385.717285 12.105588
v 106.042656 367.787292 18.649828
v 134.879837 343.657593 24.385885
v 158.545853 314.255493 29.093372
v 176.131348 280.710846 32.591316
v 186.960403 244.312805 34.745377
v 190.616898 206.460098 35.472721
v 186.960403 168.607391 34.745384
v 176.131348 132.209335 32.591328
v 158.545853 98.664711 29.093388
v 134.879837 69.262604 24.385906
v 106.042656 45.132919 18.649853
v 73.142601 27.202942 12.105616
v 37.443920 16.161697 5.004705
v 35.289883 396.758484 12.105582
v 68.917305 385.717285 26.034517
v 99.908470 367.787292 38.871490
v 127.072502 343.657593 50.123184
v 149.365402 314.255493 59.357231
v 165.930588 280.710846 66.218727
v 176.131317 244.312805 70.444054
v 179.575668 206.460098 71.870758
v 176.131317 168.607391 70.444054
v 165.930588 132.209335 66.218742
v 149.365402 98.664719 59.357246
v 127.072502 69.262604 50.123207
v 99.908470 45.132923 38.871513
v 68.917305 27.202944 26.034544
v 35.289883 16.161697 12.105611
v 31.791918 396.758484 18.649811
v 62.055794 385.717285 38.871487
v 89.947105 367.787292 57.507885
v 114.394089 343.657593 73.842827
v 134.457169 314.255493 87.248573
v 149.365417 280.710846 97.209915
v 158.545853 244.312820 103.344116
v 161.645660 206.460114 105.415382
v 158.545853 168.607407 103.344116
v 149.365417 132.209335 97.209930
v 134.457169 98.664719 87.248589
v 114.394089 69.262611 73.842842
v 89.947105 45.132923 57.507908
v 62.055794 27.202946 38.871513
v 31.791918 16.161699 18.649839
v 27.084448 396.758484 24.385874
v 52.821751 385.717285 50.123188
v 76.541367 367.787292 73.842819
v 97.331833 343.657593 94.633270
v 114.394058 314.255493 111.695511
v 127.072502 280.710846 124.373924
v 134.879807 244.312820 132.181274
v 137.515961 206.460114 134.817474
v 134.879807 168.607407 132.181274
v 127.072502 132.209351 124.373940
v 114.394058 98.664719 111.695526
v 97.331833 69.262611 94.633286
v 76.541367 45.132923 73.842850
v 52.821751 27.202946 50.123215
v 27.084448 16.161699 24.385902
v 21.348383 396.758484 29.093340
v 41.570049 385.717285 59.357220
v 60.206429 367.787292 87.248558
v 76.541397 343.657593 111.695526
v 89.947105 314.255493 131.758606
v 99.908493 280.710846 146.666855
v 106.042633 244.312820 155.847305
v 108.113838 206.460114 158.947144
v 106.042633 168.607407 155.847305
v 99.908493 132.209351 146.666855
v 89.947105 98.664719 131.758636
v 76.541397 69.262611 111.695541
v 60.206429 45.132927 87.248589
v 41.570049 27.202946 59.357246
v 21.348383 16.161699 29.093369
v 14.804151 396.758484 32.591301
v 28.733076 385.717285 66.218719
v 41.570030 367.787292 97.209900
v 52.821754 343.657593 124.373932
v 62.055763 314.255493 146.666824
v 68.917305 280.710846 163.231995
v 73.142555 244.312820 173.432755
v 74.569221 206.460114 176.877090
v 73.142555 168.607407 173.432755
v 68.917305 132.209351 163.231995
v 62.055763 98.664719 146.666855
v 52.821754 69.262611 124.373947
v 41.570030 45.132927 97.209930
v 28.733076 27.202948 66.218750
v 14.804151 16.161699 32.591331
v 7.703248 396.758484 34.745327
v 14.804146 385.717285 70.444016
v 21.348366 367.787292 103.344063
v 27.084457 343.657593 132.181259
v 31.791904 314.255493 155.847275
v 35.289894 280.710846 173.432755
v 37.443893 244.312820 184.261810
v 38.171181 206.460114 187.918304
v 37.443893 168.607407 184.261810
v 35.289894 132.209351 173.432755
v 31.791904 98.664726 155.847305
v 27.084457 69.262611 132.181290
v 21.348366 45.132927 103.344093
v 14.804146 27.202948 70.444046
v 7.703248 16.161699 34.745358
v 0.318556 396.758484 35.472660
v 0.318547 385.717285 71.870720
v 0.318538 367.787292 105.415314
v 0.318554 343.657593 134.817459
v 0.318537 314.255493 158.947113
v 0.318563 280.710846 176.877121
v 0.318531 244.312820 187.918335
v 0.318493 206.460114 191.646439
v 0.318531 168.607407 187.918335
v 0.318563 132.209351 176.877121
v 0.318537 98.664726 158.947144
v 0.318554 69.262611 134.817490
v 0.318538 45.132927 105.415344
v 0.318547 27.202948 71.870750
v 0.318556 16.161699 35.472691
v -7.066136 396.758484 34.745327
v -14.167052 385.717285 70.444016
v -20.711288 367.787292 103.344055
v -26.447344 343.657593 132.181244
v -31.154825 314.255493 155.847260
v -34.652767 280.710846 173.432739
v -36.806835 244.312820 184.261795
v -37.534187 206.460114 187.918259
v -36.806835 168.607407 184.261795
v -34.652767 132.209351 173.432739
v -31.154825 98.664726 155.847290
v -26.447344 69.262611 132.181274
v -20.711288 45.132927 103.344086
v -14.167052 27.202948 70.444046
v -7.066136 16.161699 34.745358
v -14.167036 396.758484 32.591293
v -28.095978 385.717285 66.218719
v -40.932949 367.787292 97.209869
v -52.184647 343.657593 124.373924
v -61.418682 314.255493 146.666809
v -68.280167 280.710846 163.231979
v -72.505486 244.312820 173.432709
v -73.932205 206.460114 176.877029
v -72.505486 168.607407 173.432709
v -68.280167 132.209351 163.231979
v -61.418682 98.664719 146.666840
v -52.184647 69.262611 124.373940
v -40.932949 45.132927 97.209900
v -28.095978 27.202948 66.218750
v -14.167036 16.161699 32.591324
v -20.711267 396.758484 29.093332
v -40.932949 385.717285 59.357204
v -59.569336 367.787292 87.248505
v -75.904282 343.657593 111.695511
v -89.309998 314.255493 131.758575
v -99.271347 280.710846 146.666840
v -105.405563 244.312820 155.847260
v -107.476814 206.460114 158.947021
v -105.405563 168.607407 155.847260
v -99.271347 132.209351 146.666840
v -89.309998 98.664719 131.758606
v -75.904282 69.262611 111.695526
v -59.569336 45.132927 87.248535
v -40.932949 27.202946 59.357231
v -20.711267 16.161699 29.093361
v -26.447327 396.758484 24.385862
v -52.184647 385.717285 50.123169
v -75.904259 367.787292 73.842766
v -96.694702 343.657593 94.633255
v -113.756958 314.255493 111.695473
v -126.435364 280.710846 124.373917
v -134.242706 244.312820 132.181213
v -136.878876 206.460114 134.817337
v -134.242706 168.607407 132.181213
v -126.435364 132.209351 124.373932
v -113.756958 98.664719 111.695488
v -96.694702 69.262611 94.633270
v -75.904259 45.132923 73.842796
v -52.184647 27.202946 50.123196
v -26.447327 16.161699 24.385891
v 0.318557 12.433517 -2.379990
v -31.154793 396.758484 18.649799
v -61.418674 385.717285 38.871464
v -89.309982 367.787292 57.507824
v -113.756973 343.657593 73.842819
v -133.820053 314.255493 87.248512
v -148.728271 280.710846 97.209908
v -157.908737 244.312820 103.344048
v -161.008545 206.460114 105.415222
v -157.908737 168.607407 103.344048
v -148.728271 132.209335 97.209923
v -133.820053 98.664719 87.248528
v -113.756973 69.262611 73.842834
v -89.309982 45.132923 57.507847
v -61.418674 27.202946 38.871490
v -31.154793 16.161699 18.649828
v -34.652760 396.758484 12.105570
v -68.280174 385.717285 26.034498
v -99.271332 367.787292 38.871433
v -126.435387 343.657593 50.123177
v -148.728271 314.255493 59.357170
v -165.293411 280.710846 66.218719
v -175.494186 244.312805 70.443970
v -178.938492 206.460098 71.870605
v -175.494186 168.607391 70.443970
v -165.293411 132.209335 66.218735
v -148.728271 98.664719 59.357185
v -126.435387 69.262604 50.123199
v -99.271332 45.132923 38.871456
v -68.280174 27.202944 26.034525
v -34.652760 16.161697 12.105598
v -36.806789 396.758484 5.004668
v -72.505455 385.717285 12.105570
v -105.405502 367.787292 18.649776
v -134.242706 343.657593 24.385878
v -157.908707 314.255493 29.093315
v -175.494171 280.710846 32.591312
v -186.323242 244.312805 34.745300
v -189.979660 206.460098 35.472576
v -186.323242 168.607391 34.745308
v -175.494171 132.209335 32.591324
v -157.908707 98.664711 29.093330
v -134.242706 69.262604 24.385899
v -105.405502 45.132919 18.649801
v -72.505455 27.202942 12.105597
v -36.806789 16.161697 5.004696
v -37.534119 396.758484 -2.380023
v -73.932159 385.717285 -2.380028
v -107.476746 367.787292 -2.380046
v -136.878906 343.657593 -2.380021
v -161.008560 314.255493 -2.380045
v -178.938538 280.710846 -2.380013
v -189.979752 244.312805 -2.380059
v -193.707825 206.460098 -2.380091
v -189.979752 168.607391 -2.380054
v -178.938538 132.209335 -2.380002
v -161.008560 98.664711 -2.380028
v -136.878906 69.262604 -2.380000
v -107.476746 45.132919 -2.380021
v -73.932159 27.202942 -2.380001
v -37.534119 16.161697 -2.379994
v -36.806786 396.758484 -9.764712
v -72.505455 385.717285 -16.865625
v -105.405479 367.787292 -23.409864
v -134.242691 343.657593 -29.145920
v -157.908676 314.255493 -33.853405
v -175.494156 280.710846 -37.351345
v -186.323212 244.312805 -39.505424
v -189.979630 206.460098 -40.232761
v -186.323212 168.607391 -39.505417
v -175.494156 132.209335 -37.351334
v -157.908676 98.664711 -33.853390
v -134.242691 69.262604 -29.145899
v -105.405479 45.132919 -23.409840
v -72.505455 27.202940 -16.865599
v -36.806786 16.161697 -9.764684
v -34.652752 396.758484 -16.865612
v -68.280159 385.717285 -30.794546
v -99.271294 367.787292 -43.631519
v -126.435371 343.657593 -54.883217
v -148.728226 314.255493 -64.117249
v -165.293411 280.710846 -70.978729
v -175.494125 244.312805 -75.204048
v -178.938400 206.460098 -76.630768
v -175.494125 168.607391 -75.204048
v -165.293411 132.209335 -70.978714
v -148.728226 98.664703 -64.117233
v -126.435371 69.262596 -54.883194
v -99.271294 45.132915 -43.631496
v -68.280159 27.202940 -30.794519
v -34.652752 16.161695 -16.865583
v -31.154783 396.758484 -23.409840
v -61.418652 385.717285 -43.631519
v -89.309921 367.787292 -62.267899
v -113.756958 343.657593 -78.602837
v -133.819992 314.255493 -92.008568
v -148.728271 280.710846 -101.969917
v -157.908661 244.312790 -108.104118
v -161.008423 206.460083 -110.175362
v -157.908661 168.607376 -108.104118
v -148.728271 132.209320 -101.969902
v -133.819992 98.664703 -92.008553
v -113.756958 69.262596 -78.602821
v -89.309921 45.132915 -62.267876
v -61.418652 27.202938 -43.631493
v -31.154783 16.161695 -23.409811
v -26.447319 396.758484 -29.145901
v -52.184620 385.717285 -54.883209
v -75.904190 367.787292 -78.602814
v -96.694687 343.657593 -99.393272
v -113.756889 314.255493 -116.455521
v -126.435341 280.710846 -129.133911
v -134.242615 244.312790 -136.941254
v -136.878723 206.460083 -139.577423
v -134.242615 168.607376 -136.941254
v -126.435341 132.209320 -129.133911
v -113.756889 98.664703 -116.455505
v -96.694687 69.262596 -99.393257
v -75.904190 45.132912 -78.602783
v -52.184620 27.202938 -54.883183
v -26.447319 16.161695 -29.145872
v -20.711256 396.758484 -33.853367
v -40.932922 385.717285 -64.117233
v -59.569260 367.787292 -92.008530
v -75.904259 343.657593 -116.455536
v -89.309929 314.255493 -136.518616
v -99.271339 280.710846 -151.426834
v -105.405472 244.312790 -160.607269
v -107.476639 206.460083 -163.707077
v -105.405472 168.607376 -160.607269
v -99.271339 132.209320 -151.426834
v -89.309929 98.664703 -136.518585
v -75.904259 69.262596 -116.455521
v -59.569260 45.132912 -92.008499
v -40.932922 27.202936 -64.117203
v -20.711256 16.161695 -33.853336
v -14.167027 396.758484 -37.351322
v -28.095949 385.717285 -70.978737
v -40.932873 367.787292 -101.969879
v -52.184628 343.657593 -129.133957
v -61.418602 314.255493 -151.426819
v -68.280151 280.710846 -167.991959
v -72.505394 244.312790 -178.192703
v -73.932022 206.460083 -181.637009
v -72.505394 168.607376 -178.192703
v -68.280151 132.209320 -167.991959
v -61.418602 98.664703 -151.426788
v -52.184628 69.262596 -129.133926
v -40.932873 45.132912 -101.969849
v -28.095949 27.202936 -70.978706
v -14.167027 16.161695 -37.351292
v -7.066129 396.758484 -39.505360
v -14.167027 385.717285 -75.204025
v -20.711216 367.787292 -108.104034
v -26.447325 343.657593 -136.941284
v -31.154751 314.255493 -160.607254
v -34.652760 280.710846 -178.192703
v -36.806744 244.312790 -189.021774
v -37.534016 206.460083 -192.678192
v -36.806744 168.607376 -189.021774
v -34.652760 132.209320 -178.192703
v -31.154751 98.664696 -160.607224
v -26.447325 69.262596 -136.941254
v -20.711216 45.132912 -108.104004
v -14.167027 27.202936 -75.203995
v -7.066129 16.161694 -39.505329
v 0.318560 396.758484 -40.232689
v 0.318570 385.717285 -76.630730
v 0.318574 343.657593 -139.577484
v 0.318569 280.710846 -181.637085
v 0.318569 132.209320 -181.637085
v 0.318574 69.262596 -139.577454
v 0.318599 45.132912 -110.175240
v 0.318570 27.202936 -76.630699
v 0.318560 16.161694 -40.232658
vn 0.0464 -0.8810 -0.4709
vn 0.0938 0.2890 -0.9527
vn 0.0286 -0.9565 -0.2902
vn 0.0975 0.0975 -0.9904
vn 0.0097 0.9951 -0.0980
vn 0.0097 -0.9951 -0.0980
vn 0.0975 -0.0975 -0.9904
vn 0.0286 0.9565 -0.2902
vn 0.0938 -0.2890 -0.9527
vn 0.0464 0.8810 -0.4709
vn 0.0865 -0.4696 -0.8786
vn 0.0624 0.7715 -0.6332
vn 0.0759 -0.6326 -0.7708
vn 0.0759 0.6326 -0.7708
vn 0.0624 -0.7715 -0.6332
vn 0.0865 0.4696 -0.8786
vn 0.1847 -0.7715 -0.6088
vn 0.2563 0.4696 -0.8448
vn 0.1374 -0.8810 -0.4528
vn 0.2779 0.2890 -0.9161
vn 0.0846 -0.9565 -0.2790
vn 0.2889 0.0975 -0.9524
vn 0.0286 0.9951 -0.0942
vn 0.0286 -0.9951 -0.0942
vn 0.2889 -0.0975 -0.9524
vn 0.0846 0.9565 -0.2790
vn 0.2779 -0.2890 -0.9161
vn 0.1374 0.8810 -0.4528
vn 0.2563 -0.4696 -0.8448
vn 0.1847 0.7715 -0.6088
vn 0.2248 -0.6326 -0.7412
vn 0.2248 0.6326 -0.7412
vn 0.1374 0.9566 -0.2571
vn 0.4513 -0.2890 -0.8443
vn 0.2231 0.8810 -0.4173
vn 0.4162 -0.4696 -0.7786
vn 0.2999 0.7715 -0.5611
vn 0.3651 -0.6326 -0.6831
vn 0.3651 0.6326 -0.6831
vn 0.2999 -0.7715 -0.5611
vn 0.4162 0.4696 -0.7786
vn 0.2230 -0.8810 -0.4173
vn 0.4513 0.2890 -0.8443
vn 0.1374 -0.9565 -0.2571
vn 0.4691 0.0975 -0.8777
vn 0.0464 0.9951 -0.0869
vn 0.0464 -0.9951 -0.0869
vn 0.4691 -0.0975 -0.8777
vn 0.5601 0.4696 -0.6825
vn 0.3002 -0.8810 -0.3658
vn 0.6073 0.2890 -0.7400
vn 0.1850 -0.9565 -0.2254
vn 0.6314 0.0975 -0.7693
vn 0.0625 0.9951 -0.0761
vn 0.0625 -0.9951 -0.0761
vn 0.6314 -0.0975 -0.7693
vn 0.1850 0.9565 -0.2254
vn 0.6073 -0.2890 -0.7400
vn 0.3002 0.8810 -0.3658
vn 0.5601 -0.4696 -0.6825
vn 0.4036 0.7715 -0.4918
vn 0.4913 -0.6326 -0.5987
vn 0.4913 0.6326 -0.5987
vn 0.4036 -0.7715 -0.4918
vn 0.7400 -0.2890 -0.6073
vn 0.3658 0.8810 -0.3002
vn 0.6825 -0.4696 -0.5601
vn 0.4918 0.7715 -0.4036
vn 0.5987 -0.6326 -0.4913
vn 0.5987 0.6326 -0.4913
vn 0.4918 -0.7715 -0.4036
vn 0.6825 0.4696 -0.5601
vn 0.3658 -0.8810 -0.3002
vn 0.7400 0.2890 -0.6073
vn 0.2254 -0.9565 -0.1850
vn 0.7693 0.0975 -0.6314
vn 0.0761 0.9951 -0.0625
vn 0.0761 -0.9951 -0.0625
vn 0.7693 -0.0975 -0.6314
vn 0.2254 0.9565 -0.1850
vn 0.4173 -0.8810 -0.2230
vn 0.8443 0.2890 -0.4513
vn 0.2571 -0.9565 -0.1374
vn 0.8777 0.0975 -0.4691
vn 0.0869 0.9951 -0.0464
vn 0.0869 -0.9951 -0.0464
vn 0.8777 -0.0975 -0.4691
vn 0.2571 0.9565 -0.1374
vn 0.8443 -0.2890 -0.4513
vn 0.4173 0.8810 -0.2230
vn 0.7786 -0.4696 -0.4162
vn 0.5611 0.7715 -0.2999
vn 0.6831 -0.6326 -0.3651
vn 0.6831 0.6326 -0.3651
vn 0.5611 -0.7715 -0.2999
vn 0.7786 0.4696 -0.4162
vn 0.4528 0.8810 -0.1374
vn 0.8448 -0.4696 -0.2563
vn 0.6088 0.7715 -0.1847
vn 0.7412 -0.6326 -0.2248
vn 0.7412 0.6326 -0.2248
vn 0.6088 -0.7715 -0.1847
vn 0.8448 0.4696 -0.2563
vn 0.4528 -0.8810 -0.1374
vn 0.9161 0.2890 -0.2779
vn 0.2790 -0.9565 -0.0846
vn 0.9524 0.0975 -0.2889
vn 0.0942 0.9951 -0.0286
vn 0.0942 -0.9951 -0.0286
vn 0.9524 -0.0975 -0.2889
vn 0.2790 0.9565 -0.0846
vn 0.9161 -0.2890 -0.2779
vn 0.9527 0.2890 -0.0938
vn 0.2902 -0.9565 -0.0286
vn 0.9904 0.0975 -0.0975
vn 0.0980 0.9951 -0.0097
vn 0.0980 -0.9951 -0.0097
vn 0.9904 -0.0975 -0.0975
vn 0.2902 0.9565 -0.0286
vn 0.9527 -0.2890 -0.0938
vn 0.4709 0.8810 -0.0464
vn 0.8786 -0.4696 -0.0865
vn 0.6332 0.7715 -0.0624
vn 0.7708 -0.6326 -0.0759
vn 0.7708 0.6326 -0.0759
vn 0.6332 -0.7715 -0.0624
vn 0.8786 0.4696 -0.0865
vn 0.4709 -0.8810 -0.0464
vn 0.8786 -0.4696 0.0865
vn 0.6332 0.7715 0.0624
vn 0.7708 -0.6326 0.0759
vn 0.7708 0.6326 0.0759
vn 0.6332 -0.7715 0.0624
vn 0.8786 0.4696 0.0865
vn 0.4709 -0.8810 0.0464
vn 0.9527 0.2890 0.0938
vn 0.2902 -0.9565 0.0286
vn 0.9904 0.0975 0.0976
vn 0.0980 0.9951 0.0097
vn 0.0980 -0.9951 0.0097
vn 0.9904 -0.0975 0.0976
vn 0.2902 0.9565 0.0286
vn 0.9527 -0.2890 0.0938
vn 0.4709 0.8810 0.0464
vn 0.2790 -0.9565 0.0846
vn 0.9524 0.0975 0.2889
vn 0.0942 0.9951 0.0286
vn 0.0942 -0.9951 0.0286
vn 0.9524 -0.0975 0.2889
vn 0.2790 0.9565 0.0846
vn 0.9161 -0.2890 0.2779
vn 0.4528 0.8810 0.1374
vn 0.8448 -0.4696 0.2563
vn 0.6088 0.7715 0.1847
vn 0.7412 -0.6326 0.2248
vn 0.7412 0.6326 0.2248
vn 0.6088 -0.7715 0.1847
vn 0.8448 0.4696 0.2563
vn 0.4528 -0.8810 0.1374
vn 0.9161 0.2890 0.2779
vn 0.6831 -0.6326 0.3651
vn 0.6831 0.6326 0.3651
vn 0.5611 -0.7715 0.2999
vn 0.7786 0.4696 0.4162
vn 0.4173 -0.8810 0.2230
vn 0.8443 0.2890 0.4513
vn 0.2571 -0.9565 0.1374
vn 0.8777 0.0975 0.4691
vn 0.0869 0.9951 0.0464
vn 0.0869 -0.9951 0.0464
vn 0.8777 -0.0975 0.4691
vn 0.2571 0.9565 0.1374
vn 0.8443 -0.2890 0.4513
vn 0.4173 0.8810 0.2231
vn 0.7786 -0.4696 0.4162
vn 0.5611 0.7715 0.2999
vn 0.0761 0.9951 0.0625
vn 0.0761 -0.9951 0.0625
vn 0.7693 -0.0975 0.6314
vn 0.2254 0.9565 0.1850
vn 0.7400 -0.2890 0.6073
vn 0.3658 0.8810 0.3002
vn 0.6825 -0.4696 0.5601
vn 0.4918 0.7715 0.4036
vn 0.5987 -0.6326 0.4913
vn 0.5987 0.6326 0.4913
vn 0.4918 -0.7715 0.4036
vn 0.6825 0.4696 0.5601
vn 0.3658 -0.8810 0.3002
vn 0.7400 0.2890 0.6073
vn 0.2254 -0.9565 0.1850
vn 0.7693 0.0975 0.6314
vn 0.4913 0.6326 0.5987
vn 0.4036 -0.7715 0.4918
vn 0.5601 0.4696 0.6825
vn 0.3002 -0.8810 0.3658
vn 0.6073 0.2890 0.7400
vn 0.1850 -0.9565 0.2254
vn 0.6314 0.0975 0.7693
vn 0.0625 0.9951 0.0761
vn 0.0625 -0.9951 0.0761
vn 0.6314 -0.0975 0.7693
vn 0.1850 0.9565 0.2254
vn 0.6073 -0.2890 0.7400
vn 0.3002 0.8810 0.3658
vn 0.5601 -0.4696 0.6825
vn 0.4036 0.7715 0.4918
vn 0.4913 -0.6326 0.5987
vn 0.4691 -0.0975 0.8777
vn 0.1374 0.9565 0.2571
vn 0.4513 -0.2890 0.8443
vn 0.2230 0.8810 0.4173
vn 0.4162 -0.4696 0.7786
vn 0.2999 0.7715 0.5611
vn 0.3651 -0.6326 0.6831
vn 0.3651 0.6326 0.6831
vn 0.2999 -0.7715 0.5611
vn 0.4162 0.4696 0.7786
vn 0.2230 -0.8810 0.4173
vn 0.4513 0.2890 0.8443
vn 0.1374 -0.9565 0.2571
vn 0.4691 0.0975 0.8777
vn 0.0464 0.9951 0.0869
vn 0.0464 -0.9951 0.0869
vn 0.1847 -0.7715 0.6088
vn 0.2563 0.4696 0.8448
vn 0.1374 -0.8810 0.4528
vn 0.2779 0.2890 0.9161
vn 0.0846 -0.9565 0.2790
vn 0.2889 0.0975 0.9524
vn 0.0286 0.9951 0.0942
vn 0.0286 -0.9951 0.0942
vn 0.2889 -0.0975 0.9524
vn 0.0846 0.9565 0.2790
vn 0.2779 -0.2890 0.9161
vn 0.1374 0.8810 0.4528
vn 0.2563 -0.4696 0.8448
vn 0.1847 0.7715 0.6088
vn 0.2248 -0.6326 0.7412
vn 0.2248 0.6326 0.7412
vn 0.0286 0.9565 0.2902
vn 0.0938 -0.2890 0.9527
vn 0.0464 0.8810 0.4709
vn 0.0865 -0.4696 0.8786
vn 0.0624 0.7715 0.6332
vn 0.0759 -0.6326 0.7708
vn 0.0759 0.6326 0.7708
vn 0.0624 -0.7715 0.6332
vn 0.0865 0.4696 0.8786
vn 0.0464 -0.8810 0.4709
vn 0.0938 0.2890 0.9527
vn 0.0286 -0.9565 0.2902
vn 0.0975 0.0975 0.9904
vn 0.0097 0.9951 0.0980
vn 0.0097 -0.9951 0.0980
vn 0.0975 -0.0975 0.9904
vn -0.0865 0.4696 0.8786
vn -0.0464 -0.8810 0.4709
vn -0.0938 0.2890 0.9527
vn -0.0286 -0.9565 0.2902
vn -0.0976 0.0975 0.9904
vn -0.0097 0.9951 0.0980
vn -0.0097 -0.9951 0.0980
vn -0.0976 -0.0975 0.9904
vn -0.0286 0.9565 0.2902
vn -0.0938 -0.2890 0.9527
vn -0.0464 0.8810 0.4709
vn -0.0865 -0.4696 0.8786
vn -0.0624 0.7715 0.6332
vn -0.0759 -0.6326 0.7708
vn -0.0759 0.6326 0.7708
vn -0.0624 -0.7715 0.6332
vn -0.2779 -0.2890 0.9161
vn -0.1374 0.8810 0.4528
vn -0.2563 -0.4696 0.8448
vn -0.1847 0.7715 0.6088
vn -0.2248 -0.6326 0.7412
vn -0.2248 0.6326 0.7412
vn -0.1847 -0.7715 0.6088
vn -0.2563 0.4696 0.8448
vn -0.1374 -0.8810 0.4528
vn -0.2779 0.2890 0.9161
vn -0.0846 -0.9565 0.2790
vn -0.2889 0.0975 0.9524
vn -0.0286 0.9951 0.0942
vn -0.0286 -0.9951 0.0942
vn -0.2889 -0.0975 0.9524
vn -0.0846 0.9565 0.2790
vn -0.2231 -0.8810 0.4173
vn -0.4513 0.2890 0.8443
vn -0.1374 -0.9565 0.2571
vn -0.4691 0.0975 0.8777
vn -0.0464 0.9951 0.0869
vn -0.0464 -0.9951 0.0869
vn -0.4691 -0.0975 0.8777
vn -0.1374 0.9565 0.2571
vn -0.4513 -0.2890 0.8443
vn -0.2231 0.8810 0.4173
vn -0.4162 -0.4696 0.7786
vn -0.2999 0.7715 0.5611
vn -0.3651 -0.6326 0.6831
vn -0.3651 0.6326 0.6831
vn -0.2999 -0.7715 0.5611
vn -0.4162 0.4696 0.7786
vn -0.5601 -0.4696 0.6825
vn -0.4036 0.7715 0.4918
vn -0.4913 -0.6326 0.5987
vn -0.4913 0.6326 0.5987
vn -0.4036 -0.7715 0.4918
vn -0.5601 0.4696 0.6825
vn -0.3002 -0.8810 0.3658
vn -0.6073 0.2890 0.7400
vn -0.1850 -0.9565 0.2254
vn -0.6314 0.0975 0.7693
vn -0.0625 0.9951 0.0761
vn -0.0625 -0.9951 0.0761
vn -0.6314 -0.0975 0.7693
vn -0.1850 0.9565 0.2254
vn -0.6073 -0.2890 0.7400
vn -0.3002 0.8810 0.3658
vn -0.2254 -0.9565 0.1850
vn -0.7693 0.0975 0.6314
vn -0.0761 0.9951 0.0625
vn -0.0761 -0.9951 0.0625
vn -0.7693 -0.0975 0.6314
vn -0.2254 0.9565 0.1850
vn -0.7400 -0.2890 0.6073
vn -0.3658 0.8810 0.3002
vn -0.6825 -0.4696 0.5601
vn -0.4918 0.7715 0.4036
vn -0.5987 -0.6326 0.4913
vn -0.5987 0.6326 0.4913
vn -0.4918 -0.7715 0.4036
vn -0.6825 0.4696 0.5601
vn -0.3658 -0.8810 0.3002
vn -0.7400 0.2890 0.6073
vn -0.5611 0.7715 0.2999
vn -0.6831 -0.6326 0.3651
vn -0.6831 0.6326 0.3651
vn -0.5611 -0.7715 0.2999
vn -0.7786 0.4696 0.4162
vn -0.4173 -0.8810 0.2230
vn -0.8443 0.2890 0.4513
vn -0.2571 -0.9565 0.1374
vn -0.8777 0.0975 0.4691
vn -0.0869 0.9951 0.0464
vn -0.0869 -0.9951 0.0464
vn -0.8777 -0.0975 0.4691
vn -0.2571 0.9565 0.1374
vn -0.8443 -0.2890 0.4513
vn -0.4173 0.8810 0.2231
vn -0.7786 -0.4696 0.4162
vn -0.9524 0.0975 0.2889
vn -0.0942 0.9951 0.0286
vn -0.0942 -0.9951 0.0286
vn -0.9524 -0.0975 0.2889
vn -0.2790 0.9565 0.0846
vn -0.9161 -0.2890 0.2779
vn -0.4528 0.8810 0.1374
vn -0.8448 -0.4696 0.2563
vn -0.6088 0.7715 0.1847
vn -0.7412 -0.6326 0.2248
vn -0.7412 0.6326 0.2248
vn -0.6088 -0.7715 0.1847
vn -0.8448 0.4696 0.2563
vn -0.4528 -0.8810 0.1374
vn -0.9161 0.2890 0.2779
vn -0.2790 -0.9565 0.0846
vn -0.7708 -0.6326 0.0759
vn -0.7708 0.6326 0.0759
vn -0.6332 -0.7715 0.0624
vn -0.8786 0.4696 0.0865
vn -0.4709 -0.8810 0.0464
vn -0.9527 0.2890 0.0938
vn -0.2902 -0.9565 0.0286
vn -0.9904 0.0975 0.0975
vn -0.0980 0.9951 0.0097
vn -0.0980 -0.9951 0.0097
vn -0.9904 -0.0975 0.0975
vn -0.2902 0.9565 0.0286
vn -0.9527 -0.2890 0.0938
vn -0.4709 0.8810 0.0464
vn -0.8786 -0.4696 0.0865
vn -0.6332 0.7715 0.0624
vn -0.0980 0.9951 -0.0097
vn -0.0980 -0.9951 -0.0097
vn -0.9904 -0.0975 -0.0976
vn -0.2902 0.9565 -0.0286
vn -0.9527 -0.2890 -0.0938
vn -0.4709 0.8810 -0.0464
vn -0.8786 -0.4696 -0.0865
vn -0.6332 0.7715 -0.0624
vn -0.7708 -0.6326 -0.0759
vn -0.7708 0.6326 -0.0759
vn -0.6332 -0.7715 -0.0624
vn -0.8786 0.4696 -0.0865
vn -0.4709 -0.8810 -0.0464
vn -0.9527 0.2890 -0.0938
vn -0.2902 -0.9565 -0.0286
vn -0.9904 0.0975 -0.0976
vn -0.7412 0.6326 -0.2248
vn -0.6088 -0.7715 -0.1847
vn -0.8448 0.4696 -0.2563
vn -0.4528 -0.8810 -0.1374
vn -0.9161 0.2890 -0.2779
vn -0.2790 -0.9565 -0.0846
vn -0.9524 0.0975 -0.2889
vn -0.0942 0.9951 -0.0286
vn -0.0942 -0.9951 -0.0286
vn -0.9524 -0.0975 -0.2889
vn -0.2790 0.9565 -0.0846
vn -0.9161 -0.2890 -0.2779
vn -0.4528 0.8810 -0.1374
vn -0.8448 -0.4696 -0.2563
vn -0.6088 0.7715 -0.1847
vn -0.7412 -0.6326 -0.2248
vn -0.8777 -0.0975 -0.4691
vn -0.2571 0.9565 -0.1374
vn -0.8443 -0.2890 -0.4513
vn -0.4173 0.8810 -0.2230
vn -0.7786 -0.4696 -0.4162
vn -0.5611 0.7715 -0.2999
vn -0.6831 -0.6326 -0.3651
vn -0.6831 0.6326 -0.3651
vn -0.5611 -0.7715 -0.2999
vn -0.7786 0.4696 -0.4162
vn -0.4173 -0.8810 -0.2231
vn -0.8443 0.2890 -0.4513
vn -0.2571 -0.9565 -0.1374
vn -0.8777 0.0975 -0.4691
vn -0.0869 0.9951 -0.0464
vn -0.0869 -0.9951 -0.0464
vn -0.4918 -0.7715 -0.4036
vn -0.6825 0.4696 -0.5601
vn -0.3658 -0.8810 -0.3002
vn -0.7400 0.2890 -0.6073
vn -0.2254 -0.9565 -0.1850
vn -0.7693 0.0975 -0.6314
vn -0.0761 0.9951 -0.0625
vn -0.0761 -0.9951 -0.0625
vn -0.7693 -0.0975 -0.6314
vn -0.2254 0.9565 -0.1850
vn -0.7400 -0.2890 -0.6073
vn -0.3658 0.8810 -0.3002
vn -0.6825 -0.4696 -0.5601
vn -0.4918 0.7715 -0.4036
vn -0.5987 -0.6326 -0.4913
vn -0.5987 0.6326 -0.4913
vn -0.6073 -0.2890 -0.7400
vn -0.3002 0.8810 -0.3658
vn -0.5601 -0.4696 -0.6825
vn -0.4036 0.7715 -0.4918
vn -0.4913 -0.6326 -0.5987
vn -0.4913 0.6326 -0.5987
vn -0.4036 -0.7715 -0.4918
vn -0.5601 0.4696 -0.6825
vn -0.3002 -0.8810 -0.3658
vn -0.6073 0.2890 -0.7400
vn -0.1850 -0.9565 -0.2254
vn -0.6314 0.0975 -0.7693
vn -0.0625 0.9951 -0.0761
vn -0.0625 -0.9951 -0.0761
vn -0.6314 -0.0975 -0.7693
vn -0.1850 0.9565 -0.2254
vn -0.2230 -0.8810 -0.4173
vn -0.4513 0.2890 -0.8443
vn -0.1374 -0.9565 -0.2571
vn -0.4691 0.0975 -0.8777
vn -0.0464 0.9951 -0.0869
vn -0.0464 -0.9951 -0.0869
vn -0.4691 -0.0975 -0.8777
vn -0.1374 0.9565 -0.2571
vn -0.4513 -0.2890 -0.8443
vn -0.2231 0.8810 -0.4173
vn -0.4162 -0.4696 -0.7786
vn -0.2999 0.7715 -0.5611
vn -0.3651 -0.6326 -0.6831
vn -0.3651 0.6326 -0.6831
vn -0.2999 -0.7715 -0.5611
vn -0.4162 0.4696 -0.7786
vn -0.1374 0.8810 -0.4528
vn -0.2563 -0.4696 -0.8448
vn -0.1847 0.7715 -0.6088
vn -0.2248 -0.6326 -0.7412
vn -0.2248 0.6326 -0.7412
vn -0.1847 -0.7715 -0.6088
vn -0.2563 0.4696 -0.8448
vn -0.1374 -0.8810 -0.4528
vn -0.2779 0.2890 -0.9161
vn -0.0846 -0.9565 -0.2790
vn -0.2889 0.0975 -0.9524
vn -0.0286 0.9951 -0.0942
vn -0.0286 -0.9951 -0.0942
vn -0.2889 -0.0975 -0.9524
vn -0.0846 0.9565 -0.2790
vn -0.2779 -0.2890 -0.9161
vn -0.0938 0.2890 -0.9527
vn -0.0286 -0.9565 -0.2902
vn -0.0976 0.0975 -0.9904
vn -0.0097 0.9951 -0.0980
vn -0.0097 -0.9951 -0.0980
vn -0.0976 -0.0975 -0.9904
vn -0.0286 0.9565 -0.2902
vn -0.0938 -0.2890 -0.9527
vn -0.0464 0.8810 -0.4709
vn -0.0865 -0.4696 -0.8786
vn -0.0624 0.7715 -0.6332
vn -0.0759 -0.6326 -0.7708
vn -0.0759 0.6326 -0.7708
vn -0.0624 -0.7715 -0.6332
vn -0.0865 0.4696 -0.8786
vn -0.0464 -0.8810 -0.4709
vt 0.750000 0.125000
vt 0.750000 0.187500
vt 0.718750 0.187500
vt 0.718750 0.125000
vt 0.750000 0.562500
vt 0.750000 0.625000
vt 0.718750 0.625000
vt 0.718750 0.562500
vt 0.750000 0.062500
vt 0.718750 0.062500
vt 0.750000 0.500000
vt 0.718750 0.500000
vt 0.750000 0.937500
vt 0.734375 1.000000
vt 0.718750 0.937500
vt 0.734375 0.000000
vt 0.750000 0.437500
vt 0.718750 0.437500
vt 0.750000 0.875000
vt 0.718750 0.875000
vt 0.750000 0.375000
vt 0.718750 0.375000
vt 0.750000 0.812500
vt 0.718750 0.812500
vt 0.750000 0.312500
vt 0.718750 0.312500
vt 0.750000 0.750000
vt 0.718750 0.750000
vt 0.750000 0.250000
vt 0.718750 0.250000
vt 0.750000 0.687500
vt 0.718750 0.687500
vt 0.687500 0.250000
vt 0.687500 0.187500
vt 0.687500 0.687500
vt 0.687500 0.625000
vt 0.687500 0.125000
vt 0.687500 0.562500
vt 0.687500 0.062500
vt 0.687500 0.500000
vt 0.703125 1.000000
vt 0.687500 0.937500
vt 0.703125 0.000000
vt 0.687500 0.437500
vt 0.687500 0.875000
vt 0.687500 0.375000
vt 0.687500 0.812500
vt 0.687500 0.312500
vt 0.687500 0.750000
vt 0.656250 0.937500
vt 0.656250 0.875000
vt 0.656250 0.437500
vt 0.656250 0.375000
vt 0.656250 0.812500
vt 0.656250 0.312500
vt 0.656250 0.750000
vt 0.656250 0.250000
vt 0.656250 0.687500
vt 0.656250 0.187500
vt 0.656250 0.625000
vt 0.656250 0.125000
vt 0.656250 0.562500
vt 0.656250 0.062500
vt 0.656250 0.500000
vt 0.671875 1.000000
vt 0.671875 0.000000
vt 0.625000 0.687500
vt 0.625000 0.625000
vt 0.625000 0.187500
vt 0.625000 0.125000
vt 0.625000 0.562500
vt 0.625000 0.062500
vt 0.625000 0.500000
vt 0.640625 1.000000
vt 0.625000 0.937500
vt 0.640625 0.000000
vt 0.625000 0.437500
vt 0.625000 0.875000
vt 0.625000 0.375000
vt 0.625000 0.812500
vt 0.625000 0.312500
vt 0.625000 0.750000
vt 0.625000 0.250000
vt 0.593750 0.437500
vt 0.593750 0.375000
vt 0.593750 0.875000
vt 0.593750 0.812500
vt 0.593750 0.312500
vt 0.593750 0.750000
vt 0.593750 0.250000
vt 0.593750 0.687500
vt 0.593750 0.187500
vt 0.593750 0.625000
vt 0.593750 0.125000
vt 0.593750 0.562500
vt 0.593750 0.062500
vt 0.593750 0.500000
vt 0.609375 1.000000
vt 0.593750 0.937500
vt 0.609375 0.000000
vt 0.562500 0.187500
vt 0.562500 0.125000
vt 0.562500 0.625000
vt 0.562500 0.562500
vt 0.562500 0.062500
vt 0.562500 0.500000
vt 0.578125 1.000000
vt 0.562500 0.937500
vt 0.578125 0.000000
vt 0.562500 0.437500
vt 0.562500 0.875000
vt 0.562500 0.375000
vt 0.562500 0.812500
vt 0.562500 0.312500
vt 0.562500 0.750000
vt 0.562500 0.250000
vt 0.562500 0.687500
vt 0.531250 0.875000
vt 0.531250 0.812500
vt 0.531250 0.375000
vt 0.531250 0.312500
vt 0.531250 0.750000
vt 0.531250 0.250000
vt 0.531250 0.687500
vt 0.531250 0.187500
vt 0.531250 0.625000
vt 0.531250 0.125000
vt 0.531250 0.562500
vt 0.531250 0.062500
vt 0.531250 0.500000
vt 0.546875 1.000000
vt 0.531250 0.937500
vt 0.546875 0.000000
vt 0.531250 0.437500
vt 0.500000 0.625000
vt 0.500000 0.562500
vt 0.500000 0.125000
vt 0.500000 0.062500
vt 0.500000 0.500000
vt 0.515625 1.000000
vt 0.500000 0.937500
vt 0.515625 0.000000
vt 0.500000 0.437500
vt 0.500000 0.875000
vt 0.500000 0.375000
vt 0.500000 0.812500
vt 0.500000 0.312500
vt 0.500000 0.750000
vt 0.500000 0.250000
vt 0.500000 0.687500
vt 0.500000 0.187500
vt 0.468750 0.375000
vt 0.468750 0.312500
vt 0.468750 0.812500
vt 0.468750 0.750000
vt 0.468750 0.250000
vt 0.468750 0.687500
vt 0.468750 0.187500
vt 0.468750 0.625000
vt 0.468750 0.125000
vt 0.468750 0.562500
vt 0.468750 0.062500
vt 0.468750 0.500000
vt 0.484375 1.000000
vt 0.468750 0.937500
vt 0.484375 0.000000
vt 0.468750 0.437500
vt 0.468750 0.875000
vt 0.437500 0.125000
vt 0.437500 0.062500
vt 0.437500 0.562500
vt 0.437500 0.500000
vt 0.453125 1.000000
vt 0.437500 0.937500
vt 0.453125 0.000000
vt 0.437500 0.437500
vt 0.437500 0.875000
vt 0.437500 0.375000
vt 0.437500 0.812500
vt 0.437500 0.312500
vt 0.437500 0.750000
vt 0.437500 0.250000
vt 0.437500 0.687500
vt 0.437500 0.187500
vt 0.437500 0.625000
vt 0.406250 0.312500
vt 0.406250 0.250000
vt 0.406250 0.750000
vt 0.406250 0.687500
vt 0.406250 0.187500
vt 0.406250 0.625000
vt 0.406250 0.125000
vt 0.406250 0.562500
vt 0.406250 0.062500
vt 0.406250 0.500000
vt 0.421875 1.000000
vt 0.406250 0.937500
vt 0.421875 0.000000
vt 0.406250 0.437500
vt 0.406250 0.875000
vt 0.406250 0.375000
vt 0.406250 0.812500
vt 0.390625 1.000000
vt 0.375000 0.937500
vt 0.390625 0.000000
vt 0.375000 0.062500
vt 0.375000 0.500000
vt 0.375000 0.437500
vt 0.375000 0.875000
vt 0.375000 0.375000
vt 0.375000 0.812500
vt 0.375000 0.312500
vt 0.375000 0.750000
vt 0.375000 0.250000
vt 0.375000 0.687500
vt 0.375000 0.187500
vt 0.375000 0.625000
vt 0.375000 0.125000
vt 0.375000 0.562500
vt 0.343750 0.750000
vt 0.343750 0.687500
vt 0.343750 0.250000
vt 0.343750 0.187500
vt 0.343750 0.625000
vt 0.343750 0.125000
vt 0.343750 0.562500
vt 0.343750 0.062500
vt 0.343750 0.500000
vt 0.359375 1.000000
vt 0.343750 0.937500
vt 0.359375 0.000000
vt 0.343750 0.437500
vt 0.343750 0.875000
vt 0.343750 0.375000
vt 0.343750 0.812500
vt 0.343750 0.312500
vt 0.312500 0.500000
vt 0.312500 0.437500
vt 0.312500 0.937500
vt 0.312500 0.875000
vt 0.312500 0.375000
vt 0.312500 0.812500
vt 0.312500 0.312500
vt 0.312500 0.750000
vt 0.312500 0.250000
vt 0.312500 0.687500
vt 0.312500 0.187500
vt 0.312500 0.625000
vt 0.312500 0.125000
vt 0.312500 0.562500
vt 0.312500 0.062500
vt 0.328125 1.000000
vt 0.328125 0.000000
vt 0.281250 0.250000
vt 0.281250 0.187500
vt 0.281250 0.687500
vt 0.281250 0.625000
vt 0.281250 0.125000
vt 0.281250 0.562500
vt 0.281250 0.062500
vt 0.281250 0.500000
vt 0.296875 1.000000
vt 0.281250 0.937500
vt 0.296875 0.000000
vt 0.281250 0.437500
vt 0.281250 0.875000
vt 0.281250 0.375000
vt 0.281250 0.812500
vt 0.281250 0.312500
vt 0.281250 0.750000
vt 0.250000 0.937500
vt 0.250000 0.875000
vt 0.250000 0.437500
vt 0.250000 0.375000
vt 0.250000 0.812500
vt 0.250000 0.312500
vt 0.250000 0.750000
vt 0.250000 0.250000
vt 0.250000 0.687500
vt 0.250000 0.187500
vt 0.250000 0.625000
vt 0.250000 0.125000
vt 0.250000 0.562500
vt 0.250000 0.062500
vt 0.250000 0.500000
vt 0.265625 1.000000
vt 0.265625 0.000000
vt 0.218750 0.687500
vt 0.218750 0.625000
vt 0.218750 0.187500
vt 0.218750 0.125000
vt 0.218750 0.562500
vt 0.218750 0.062500
vt 0.218750 0.500000
vt 0.234375 1.000000
vt 0.218750 0.937500
vt 0.234375 0.000000
vt 0.218750 0.437500
vt 0.218750 0.875000
vt 0.218750 0.375000
vt 0.218750 0.812500
vt 0.218750 0.312500
vt 0.218750 0.750000
vt 0.218750 0.250000
vt 0.187500 0.437500
vt 0.187500 0.375000
vt 0.187500 0.875000
vt 0.187500 0.812500
vt 0.187500 0.312500
vt 0.187500 0.750000
vt 0.187500 0.250000
vt 0.187500 0.687500
vt 0.187500 0.187500
vt 0.187500 0.625000
vt 0.187500 0.125000
vt 0.187500 0.562500
vt 0.187500 0.062500
vt 0.187500 0.500000
vt 0.203125 1.000000
vt 0.187500 0.937500
vt 0.203125 0.000000
vt 0.156250 0.187500
vt 0.156250 0.125000
vt 0.156250 0.625000
vt 0.156250 0.562500
vt 0.156250 0.062500
vt 0.156250 0.500000
vt 0.171875 1.000000
vt 0.156250 0.937500
vt 0.171875 0.000000
vt 0.156250 0.437500
vt 0.156250 0.875000
vt 0.156250 0.375000
vt 0.156250 0.812500
vt 0.156250 0.312500
vt 0.156250 0.750000
vt 0.156250 0.250000
vt 0.156250 0.687500
vt 0.125000 0.375000
vt 0.125000 0.312500
vt 0.125000 0.812500
vt 0.125000 0.750000
vt 0.125000 0.250000
vt 0.125000 0.687500
vt 0.125000 0.187500
vt 0.125000 0.625000
vt 0.125000 0.125000
vt 0.125000 0.562500
vt 0.125000 0.062500
vt 0.125000 0.500000
vt 0.140625 1.000000
vt 0.125000 0.937500
vt 0.140625 0.000000
vt 0.125000 0.437500
vt 0.125000 0.875000
vt 0.093750 0.125000
vt 0.093750 0.062500
vt 0.093750 0.562500
vt 0.093750 0.500000
vt 0.109375 1.000000
vt 0.093750 0.937500
vt 0.109375 0.000000
vt 0.093750 0.437500
vt 0.093750 0.875000
vt 0.093750 0.375000
vt 0.093750 0.812500
vt 0.093750 0.312500
vt 0.093750 0.750000
vt 0.093750 0.250000
vt 0.093750 0.687500
vt 0.093750 0.187500
vt 0.093750 0.625000
vt 0.062500 0.812500
vt 0.062500 0.750000
vt 0.062500 0.312500
vt 0.062500 0.250000
vt 0.062500 0.687500
vt 0.062500 0.187500
vt 0.062500 0.625000
vt 0.062500 0.125000
vt 0.062500 0.562500
vt 0.062500 0.062500
vt 0.062500 0.500000
vt 0.078125 1.000000
vt 0.062500 0.937500
vt 0.078125 0.000000
vt 0.062500 0.437500
vt 0.062500 0.875000
vt 0.062500 0.375000
vt 0.031250 0.562500
vt 0.031250 0.500000
vt 0.046875 1.000000
vt 0.031250 0.937500
vt 0.046875 0.000000
vt 0.031250 0.062500
vt 0.031250 0.437500
vt 0.031250 0.875000
vt 0.031250 0.375000
vt 0.031250 0.812500
vt 0.031250 0.312500
vt 0.031250 0.750000
vt 0.031250 0.250000
vt 0.031250 0.687500
vt 0.031250 0.187500
vt 0.031250 0.625000
vt 0.031250 0.125000
vt 0.000000 0.312500
vt 0.000000 0.250000
vt 0.000000 0.750000
vt 0.000000 0.687500
vt 0.000000 0.187500
vt 0.000000 0.625000
vt 0.000000 0.125000
vt 0.000000 0.562500
vt 0.000000 0.062500
vt 0.000000 0.500000
vt 0.015625 1.000000
vt 0.000000 0.937500
vt 0.015625 0.000000
vt 0.000000 0.437500
vt 0.000000 0.875000
vt 0.000000 0.375000
vt 0.000000 0.812500
vt 1.000000 0.937500
vt 0.984375 1.000000
vt 0.968750 0.937500
vt 0.984375 0.000000
vt 1.000000 0.062500
vt 0.968750 0.062500
vt 1.000000 0.437500
vt 1.000000 0.500000
vt 0.968750 0.500000
vt 0.968750 0.437500
vt 1.000000 0.875000
vt 0.968750 0.875000
vt 1.000000 0.375000
vt 0.968750 0.375000
vt 1.000000 0.812500
vt 0.968750 0.812500
vt 1.000000 0.312500
vt 0.968750 0.312500
vt 1.000000 0.750000
vt 0.968750 0.750000
vt 1.000000 0.250000
vt 0.968750 0.250000
vt 1.000000 0.687500
vt 0.968750 0.687500
vt 1.000000 0.187500
vt 0.968750 0.187500
vt 1.000000 0.625000
vt 0.968750 0.625000
vt 1.000000 0.125000
vt 0.968750 0.125000
vt 1.000000 0.562500
vt 0.968750 0.562500
vt 0.937500 0.750000
vt 0.937500 0.687500
vt 0.937500 0.250000
vt 0.937500 0.187500
vt 0.937500 0.625000
vt 0.937500 0.125000
vt 0.937500 0.562500
vt 0.937500 0.062500
vt 0.937500 0.500000
vt 0.953125 1.000000
vt 0.937500 0.937500
vt 0.953125 0.000000
vt 0.937500 0.437500
vt 0.937500 0.875000
vt 0.937500 0.375000
vt 0.937500 0.812500
vt 0.937500 0.312500
vt 0.906250 0.500000
vt 0.906250 0.437500
vt 0.906250 0.937500
vt 0.906250 0.875000
vt 0.906250 0.375000
vt 0.906250 0.812500
vt 0.906250 0.312500
vt 0.906250 0.750000
vt 0.906250 0.250000
vt 0.906250 0.687500
vt 0.906250 0.187500
vt 0.906250 0.625000
vt 0.906250 0.125000
vt 0.906250 0.562500
vt 0.906250 0.062500
vt 0.921875 1.000000
vt 0.921875 0.000000
vt 0.875000 0.250000
vt 0.875000 0.187500
vt 0.875000 0.687500
vt 0.875000 0.625000
vt 0.875000 0.125000
vt 0.875000 0.562500
vt 0.875000 0.062500
vt 0.875000 0.500000
vt 0.890625 1.000000
vt 0.875000 0.937500
vt 0.890625 0.000000
vt 0.875000 0.437500
vt 0.875000 0.875000
vt 0.875000 0.375000
vt 0.875000 0.812500
vt 0.875000 0.312500
vt 0.875000 0.750000
vt 0.843750 0.437500
vt 0.843750 0.375000
vt 0.843750 0.875000
vt 0.843750 0.812500
vt 0.843750 0.312500
vt 0.843750 0.750000
vt 0.843750 0.250000
vt 0.843750 0.687500
vt 0.843750 0.187500
vt 0.843750 0.625000
vt 0.843750 0.125000
vt 0.843750 0.562500
vt 0.843750 0.062500
vt 0.843750 0.500000
vt 0.859375 1.000000
vt 0.843750 0.937500
vt 0.859375 0.000000
vt 0.812500 0.187500
vt 0.812500 0.125000
vt 0.812500 0.625000
vt 0.812500 0.562500
vt 0.812500 0.062500
vt 0.812500 0.500000
vt 0.828125 1.000000
vt 0.812500 0.937500
vt 0.828125 0.000000
vt 0.812500 0.437500
vt 0.812500 0.875000
vt 0.812500 0.375000
vt 0.812500 0.812500
vt 0.812500 0.312500
vt 0.812500 0.750000
vt 0.812500 0.250000
vt 0.812500 0.687500
vt 0.781250 0.875000
vt 0.781250 0.812500
vt 0.781250 0.375000
vt 0.781250 0.312500
vt 0.781250 0.750000
vt 0.781250 0.250000
vt 0.781250 0.687500
vt 0.781250 0.187500
vt 0.781250 0.625000
vt 0.781250 0.125000
vt 0.781250 0.562500
vt 0.781250 0.062500
vt 0.781250 0.500000
vt 0.796875 1.000000
vt 0.781250 0.937500
vt 0.796875 0.000000
vt 0.781250 0.437500
vt 0.765625 1.000000
vt 0.765625 0.000000
s 0
f 963/560/513 962/561/513 501/562/513 502/563/513
f 485/564/514 959/565/514 494/566/514 495/567/514
f 964/568/515 963/560/515 502/563/515 503/569/515
f 486/570/516 485/564/516 495/567/516 496/571/516
f 956/572/517 564/573/517 489/574/517
f 790/575/518 964/568/518 503/569/518
f 487/576/519 486/570/519 496/571/519 497/577/519
f 957/578/520 956/572/520 489/574/520 490/579/520
f 960/580/521 487/576/521 497/577/521 498/581/521
f 483/582/522 957/578/522 490/579/522 491/583/522
f 488/584/523 960/580/523 498/581/523 499/585/523
f 958/586/524 483/582/524 491/583/524 492/587/524
f 961/588/525 488/584/525 499/585/525 500/589/525
f 484/590/526 958/586/526 492/587/526 493/591/526
f 962/561/527 961/588/527 500/589/527 501/562/527
f 959/565/528 484/590/528 493/591/528 494/566/528
f 501/562/529 500/589/529 515/592/529 516/593/529
f 494/566/530 493/591/530 508/594/530 509/595/530
f 502/563/531 501/562/531 516/593/531 517/596/531
f 495/567/532 494/566/532 509/595/532 510/597/532
f 503/569/533 502/563/533 517/596/533 518/598/533
f 496/571/534 495/567/534 510/597/534 511/599/534
f 489/574/535 564/600/535 504/601/535
f 790/602/536 503/569/536 518/598/536
f 497/577/537 496/571/537 511/599/537 512/603/537
f 490/579/538 489/574/538 504/601/538 505/604/538
f 498/581/539 497/577/539 512/603/539 513/605/539
f 491/583/540 490/579/540 505/604/540 506/606/540
f 499/585/541 498/581/541 513/605/541 514/607/541
f 492/587/542 491/583/542 506/606/542 507/608/542
f 500/589/543 499/585/543 514/607/543 515/592/543
f 493/591/544 492/587/544 507/608/544 508/594/544
f 505/604/545 504/601/545 519/609/545 520/610/545
f 513/605/546 512/603/546 527/611/546 528/612/546
f 506/606/547 505/604/547 520/610/547 521/613/547
f 514/607/548 513/605/548 528/612/548 529/614/548
f 507/608/549 506/606/549 521/613/549 522/615/549
f 515/592/550 514/607/550 529/614/550 530/616/550
f 508/594/551 507/608/551 522/615/551 523/617/551
f 516/593/552 515/592/552 530/616/552 531/618/552
f 509/595/553 508/594/553 523/617/553 524/619/553
f 517/596/554 516/593/554 531/618/554 532/620/554
f 510/597/555 509/595/555 524/619/555 525/621/555
f 518/598/556 517/596/556 532/620/556 533/622/556
f 511/599/557 510/597/557 525/621/557 526/623/557
f 504/601/558 564/624/558 519/609/558
f 790/625/559 518/598/559 533/622/559
f 512/603/560 511/599/560 526/623/560 527/611/560
f 524/619/561 523/617/561 538/626/561 539/627/561
f 532/620/562 531/618/562 546/628/562 547/629/562
f 525/621/563 524/619/563 539/627/563 540/630/563
f 533/622/564 532/620/564 547/629/564 548/631/564
f 526/623/565 525/621/565 540/630/565 541/632/565
f 519/609/566 564/633/566 534/634/566
f 790/635/567 533/622/567 548/631/567
f 527/611/568 526/623/568 541/632/568 542/636/568
f 520/610/569 519/609/569 534/634/569 535/637/569
f 528/612/570 527/611/570 542/636/570 543/638/570
f 521/613/571 520/610/571 535/637/571 536/639/571
f 529/614/572 528/612/572 543/638/572 544/640/572
f 522/615/573 521/613/573 536/639/573 537/641/573
f 530/616/574 529/614/574 544/640/574 545/642/574
f 523/617/575 522/615/575 537/641/575 538/626/575
f 531/618/576 530/616/576 545/642/576 546/628/576
f 543/638/577 542/636/577 557/643/577 558/644/577
f 536/639/578 535/637/578 550/645/578 551/646/578
f 544/640/579 543/638/579 558/644/579 559/647/579
f 537/641/580 536/639/580 551/646/580 552/648/580
f 545/642/581 544/640/581 559/647/581 560/649/581
f 538/626/582 537/641/582 552/648/582 553/650/582
f 546/628/583 545/642/583 560/649/583 561/651/583
f 539/627/584 538/626/584 553/650/584 554/652/584
f 547/629/585 546/628/585 561/651/585 562/653/585
f 540/630/586 539/627/586 554/652/586 555/654/586
f 548/631/587 547/629/587 562/653/587 563/655/587
f 541/632/588 540/630/588 555/654/588 556/656/588
f 534/634/589 564/657/589 549/658/589
f 790/659/590 548/631/590 563/655/590
f 542/636/591 541/632/591 556/656/591 557/643/591
f 535/637/592 534/634/592 549/658/592 550/645/592
f 562/653/593 561/651/593 577/660/593 578/661/593
f 555/654/594 554/652/594 570/662/594 571/663/594
f 563/655/595 562/653/595 578/661/595 579/664/595
f 556/656/596 555/654/596 571/663/596 572/665/596
f 549/658/597 564/666/597 565/667/597
f 790/668/598 563/655/598 579/664/598
f 557/643/599 556/656/599 572/665/599 573/669/599
f 550/645/600 549/658/600 565/667/600 566/670/600
f 558/644/601 557/643/601 573/669/601 574/671/601
f 551/646/602 550/645/602 566/670/602 567/672/602
f 559/647/603 558/644/603 574/671/603 575/673/603
f 552/648/604 551/646/604 567/672/604 568/674/604
f 560/649/605 559/647/605 575/673/605 576/675/605
f 553/650/606 552/648/606 568/674/606 569/676/606
f 561/651/607 560/649/607 576/675/607 577/660/607
f 554/652/608 553/650/608 569/676/608 570/662/608
f 567/672/609 566/670/609 581/677/609 582/678/609
f 575/673/610 574/671/610 589/679/610 590/680/610
f 568/674/611 567/672/611 582/678/611 583/681/611
f 576/675/612 575/673/612 590/680/612 591/682/612
f 569/676/613 568/674/613 583/681/613 584/683/613
f 577/660/614 576/675/614 591/682/614 592/684/614
f 570/662/615 569/676/615 584/683/615 585/685/615
f 578/661/616 577/660/616 592/684/616 593/686/616
f 571/663/617 570/662/617 585/685/617 586/687/617
f 579/664/618 578/661/618 593/686/618 594/688/618
f 572/665/619 571/663/619 586/687/619 587/689/619
f 565/667/620 564/690/620 580/691/620
f 790/692/621 579/664/621 594/688/621
f 573/669/622 572/665/622 587/689/622 588/693/622
f 566/670/623 565/667/623 580/691/623 581/677/623
f 574/671/624 573/669/624 588/693/624 589/679/624
f 586/687/625 585/685/625 600/694/625 601/695/625
f 594/688/626 593/686/626 608/696/626 609/697/626
f 587/689/627 586/687/627 601/695/627 602/698/627
f 580/691/628 564/699/628 595/700/628
f 790/701/629 594/688/629 609/697/629
f 588/693/630 587/689/630 602/698/630 603/702/630
f 581/677/631 580/691/631 595/700/631 596/703/631
f 589/679/632 588/693/632 603/702/632 604/704/632
f 582/678/633 581/677/633 596/703/633 597/705/633
f 590/680/634 589/679/634 604/704/634 605/706/634
f 583/681/635 582/678/635 597/705/635 598/707/635
f 591/682/636 590/680/636 605/706/636 606/708/636
f 584/683/637 583/681/637 598/707/637 599/709/637
f 592/684/638 591/682/638 606/708/638 607/710/638
f 585/685/639 584/683/639 599/709/639 600/694/639
f 593/686/640 592/684/640 607/710/640 608/696/640
f 605/706/641 604/704/641 619/711/641 620/712/641
f 598/707/642 597/705/642 612/713/642 613/714/642
f 606/708/643 605/706/643 620/712/643 621/715/643
f 599/709/644 598/707/644 613/714/644 614/716/644
f 607/710/645 606/708/645 621/715/645 622/717/645
f 600/694/646 599/709/646 614/716/646 615/718/646
f 608/696/647 607/710/647 622/717/647 623/719/647
f 601/695/648 600/694/648 615/718/648 616/720/648
f 609/697/649 608/696/649 623/719/649 624/721/649
f 602/698/650 601/695/650 616/720/650 617/722/650
f 595/700/651 564/723/651 610/724/651
f 790/725/652 609/697/652 624/721/652
f 603/702/653 602/698/653 617/722/653 618/726/653
f 596/703/654 595/700/654 610/724/654 611/727/654
f 604/704/655 603/702/655 618/726/655 619/711/655
f 597/705/656 596/703/656 611/727/656 612/713/656
f 624/721/657 623/719/657 638/728/657 639/729/657
f 617/722/658 616/720/658 631/730/658 632/731/658
f 610/724/659 564/732/659 625/733/659
f 790/734/660 624/721/660 639/729/660
f 618/726/661 617/722/661 632/731/661 633/735/661
f 611/727/662 610/724/662 625/733/662 626/736/662
f 619/711/663 618/726/663 633/735/663 634/737/663
f 612/713/664 611/727/664 626/736/664 627/738/664
f 620/712/665 619/711/665 634/737/665 635/739/665
f 613/714/666 612/713/666 627/738/666 628/740/666
f 621/715/667 620/712/667 635/739/667 636/741/667
f 614/716/668 613/714/668 628/740/668 629/742/668
f 622/717/669 621/715/669 636/741/669 637/743/669
f 615/718/670 614/716/670 629/742/670 630/744/670
f 623/719/671 622/717/671 637/743/671 638/728/671
f 616/720/672 615/718/672 630/744/672 631/730/672
f 636/741/673 635/739/673 650/745/673 651/746/673
f 629/742/674 628/740/674 643/747/674 644/748/674
f 637/743/675 636/741/675 651/746/675 652/749/675
f 630/744/676 629/742/676 644/748/676 645/750/676
f 638/728/677 637/743/677 652/749/677 653/751/677
f 631/730/678 630/744/678 645/750/678 646/752/678
f 639/729/679 638/728/679 653/751/679 654/753/679
f 632/731/680 631/730/680 646/752/680 647/754/680
f 625/733/681 564/755/681 640/756/681
f 790/757/682 639/729/682 654/753/682
f 633/735/683 632/731/683 647/754/683 648/758/683
f 626/736/684 625/733/684 640/756/684 641/759/684
f 634/737/685 633/735/685 648/758/685 649/760/685
f 627/738/686 626/736/686 641/759/686 642/761/686
f 635/739/687 634/737/687 649/760/687 650/745/687
f 628/740/688 627/738/688 642/761/688 643/747/688
f 640/756/689 564/762/689 655/763/689
f 790/764/690 654/753/690 669/765/690
f 648/758/691 647/754/691 662/766/691 663/767/691
f 641/759/692 640/756/692 655/763/692 656/768/692
f 649/760/693 648/758/693 663/767/693 664/769/693
f 642/761/694 641/759/694 656/768/694 657/770/694
f 650/745/695 649/760/695 664/769/695 665/771/695
f 643/747/696 642/761/696 657/770/696 658/772/696
f 651/746/697 650/745/697 665/771/697 666/773/697
f 644/748/698 643/747/698 658/772/698 659/774/698
f 652/749/699 651/746/699 666/773/699 667/775/699
f 645/750/700 644/748/700 659/774/700 660/776/700
f 653/751/701 652/749/701 667/775/701 668/777/701
f 646/752/702 645/750/702 660/776/702 661/778/702
f 654/753/703 653/751/703 668/777/703 669/765/703
f 647/754/704 646/752/704 661/778/704 662/766/704
f 659/774/705 658/772/705 673/779/705 674/780/705
f 667/775/706 666/773/706 681/781/706 682/782/706
f 660/776/707 659/774/707 674/780/707 675/783/707
f 668/777/708 667/775/708 682/782/708 683/784/708
f 661/778/709 660/776/709 675/783/709 676/785/709
f 669/765/710 668/777/710 683/784/710 684/786/710
f 662/766/711 661/778/711 676/785/711 677/787/711
f 655/763/712 564/788/712 670/789/712
f 790/790/713 669/765/713 684/786/713
f 663/767/714 662/766/714 677/787/714 678/791/714
f 656/768/715 655/763/715 670/789/715 671/792/715
f 664/769/716 663/767/716 678/791/716 679/793/716
f 657/770/717 656/768/717 671/792/717 672/794/717
f 665/771/718 664/769/718 679/793/718 680/795/718
f 658/772/719 657/770/719 672/794/719 673/779/719
f 666/773/720 665/771/720 680/795/720 681/781/720
f 678/791/721 677/787/721 692/796/721 693/797/721
f 671/792/722 670/789/722 685/798/722 686/799/722
f 679/793/723 678/791/723 693/797/723 694/800/723
f 672/794/724 671/792/724 686/799/724 687/801/724
f 680/795/725 679/793/725 694/800/725 695/802/725
f 673/779/726 672/794/726 687/801/726 688/803/726
f 681/781/727 680/795/727 695/802/727 696/804/727
f 674/780/728 673/779/728 688/803/728 689/805/728
f 682/782/729 681/781/729 696/804/729 697/806/729
f 675/783/730 674/780/730 689/805/730 690/807/730
f 683/784/731 682/782/731 697/806/731 698/808/731
f 676/785/732 675/783/732 690/807/732 691/809/732
f 684/786/733 683/784/733 698/808/733 699/810/733
f 677/787/734 676/785/734 691/809/734 692/796/734
f 670/789/735 564/811/735 685/798/735
f 790/812/736 684/786/736 699/810/736
f 697/806/737 696/804/737 711/813/737 712/814/737
f 690/807/738 689/805/738 704/815/738 705/816/738
f 698/808/739 697/806/739 712/814/739 713/817/739
f 691/809/740 690/807/740 705/816/740 706/818/740
f 699/810/741 698/808/741 713/817/741 714/819/741
f 692/796/742 691/809/742 706/818/742 707/820/742
f 685/798/743 564/821/743 700/822/743
f 790/823/744 699/810/744 714/819/744
f 693/797/745 692/796/745 707/820/745 708/824/745
f 686/799/746 685/798/746 700/822/746 701/825/746
f 694/800/747 693/797/747 708/824/747 709/826/747
f 687/801/748 686/799/748 701/825/748 702/827/748
f 695/802/749 694/800/749 709/826/749 710/828/749
f 688/803/750 687/801/750 702/827/750 703/829/750
f 696/804/751 695/802/751 710/828/751 711/813/751
f 689/805/752 688/803/752 703/829/752 704/815/752
f 701/825/753 700/822/753 715/830/753 716/831/753
f 709/826/754 708/824/754 723/832/754 724/833/754
f 702/827/755 701/825/755 716/831/755 717/834/755
f 710/828/756 709/826/756 724/833/756 725/835/756
f 703/829/757 702/827/757 717/834/757 718/836/757
f 711/813/758 710/828/758 725/835/758 726/837/758
f 704/815/759 703/829/759 718/836/759 719/838/759
f 712/814/760 711/813/760 726/837/760 727/839/760
f 705/816/761 704/815/761 719/838/761 720/840/761
f 713/817/762 712/814/762 727/839/762 728/841/762
f 706/818/763 705/816/763 720/840/763 721/842/763
f 714/819/764 713/817/764 728/841/764 729/843/764
f 707/820/765 706/818/765 721/842/765 722/844/765
f 700/822/766 564/845/766 715/830/766
f 790/846/767 714/819/767 729/843/767
f 708/824/768 707/820/768 722/844/768 723/832/768
f 720/840/769 719/838/769 734/847/769 735/848/769
f 728/841/770 727/839/770 742/849/770 743/850/770
f 721/842/771 720/840/771 735/848/771 736/851/771
f 729/843/772 728/841/772 743/850/772 744/852/772
f 722/844/773 721/842/773 736/851/773 737/853/773
f 715/830/774 564/854/774 730/855/774
f 790/856/775 729/843/775 744/852/775
f 723/832/776 722/844/776 737/853/776 738/857/776
f 716/831/777 715/830/777 730/855/777 731/858/777
f 724/833/778 723/832/778 738/857/778 739/859/778
f 717/834/779 716/831/779 731/858/779 732/860/779
f 725/835/780 724/833/780 739/859/780 740/861/780
f 718/836/781 717/834/781 732/860/781 733/862/781
f 726/837/782 725/835/782 740/861/782 741/863/782
f 719/838/783 718/836/783 733/862/783 734/847/783
f 727/839/784 726/837/784 741/863/784 742/849/784
f 739/859/785 738/857/785 753/864/785 754/865/785
f 732/860/786 731/858/786 746/866/786 747/867/786
f 740/861/787 739/859/787 754/865/787 755/868/787
f 733/862/788 732/860/788 747/867/788 748/869/788
f 741/863/789 740/861/789 755/868/789 756/870/789
f 734/847/790 733/862/790 748/869/790 749/871/790
f 742/849/791 741/863/791 756/870/791 757/872/791
f 735/848/792 734/847/792 749/871/792 750/873/792
f 743/850/793 742/849/793 757/872/793 758/874/793
f 736/851/794 735/848/794 750/873/794 751/875/794
f 744/852/795 743/850/795 758/874/795 759/876/795
f 737/853/796 736/851/796 751/875/796 752/877/796
f 730/855/797 564/878/797 745/879/797
f 790/880/798 744/852/798 759/876/798
f 738/857/799 737/853/799 752/877/799 753/864/799
f 731/858/800 730/855/800 745/879/800 746/866/800
f 758/874/801 757/872/801 772/881/801 773/882/801
f 751/875/802 750/873/802 765/883/802 766/884/802
f 759/876/803 758/874/803 773/882/803 774/885/803
f 752/877/804 751/875/804 766/884/804 767/886/804
f 745/879/805 564/887/805 760/888/805
f 790/889/806 759/876/806 774/885/806
f 753/864/807 752/877/807 767/886/807 768/890/807
f 746/866/808 745/879/808 760/888/808 761/891/808
f 754/865/809 753/864/809 768/890/809 769/892/809
f 747/867/810 746/866/810 761/891/810 762/893/810
f 755/868/811 754/865/811 769/892/811 770/894/811
f 748/869/812 747/867/812 762/893/812 763/895/812
f 756/870/813 755/868/813 770/894/813 771/896/813
f 749/871/814 748/869/814 763/895/814 764/897/814
f 757/872/815 756/870/815 771/896/815 772/881/815
f 750/873/816 749/871/816 764/897/816 765/883/816
f 770/894/817 769/892/817 784/898/817 785/899/817
f 763/895/818 762/893/818 777/900/818 778/901/818
f 771/896/819 770/894/819 785/899/819 786/902/819
f 764/897/820 763/895/820 778/901/820 779/903/820
f 772/881/821 771/896/821 786/902/821 787/904/821
f 765/883/822 764/897/822 779/903/822 780/905/822
f 773/882/823 772/881/823 787/904/823 788/906/823
f 766/884/824 765/883/824 780/905/824 781/907/824
f 774/885/825 773/882/825 788/906/825 789/908/825
f 767/886/826 766/884/826 781/907/826 782/909/826
f 760/888/827 564/910/827 775/911/827
f 790/912/828 774/885/828 789/908/828
f 768/890/829 767/886/829 782/909/829 783/913/829
f 761/891/830 760/888/830 775/911/830 776/914/830
f 769/892/831 768/890/831 783/913/831 784/898/831
f 762/893/832 761/891/832 776/914/832 777/900/832
f 789/908/833 788/906/833 804/915/833 805/916/833
f 782/909/834 781/907/834 797/917/834 798/918/834
f 775/911/835 564/919/835 791/920/835
f 790/921/836 789/908/836 805/916/836
f 783/913/837 782/909/837 798/918/837 799/922/837
f 776/914/838 775/911/838 791/920/838 792/923/838
f 784/898/839 783/913/839 799/922/839 800/924/839
f 777/900/840 776/914/840 792/923/840 793/925/840
f 785/899/841 784/898/841 800/924/841 801/926/841
f 778/901/842 777/900/842 793/925/842 794/927/842
f 786/902/843 785/899/843 801/926/843 802/928/843
f 779/903/844 778/901/844 794/927/844 795/929/844
f 787/904/845 786/902/845 802/928/845 803/930/845
f 780/905/846 779/903/846 795/929/846 796/931/846
f 788/906/847 787/904/847 803/930/847 804/915/847
f 781/907/848 780/905/848 796/931/848 797/917/848
f 794/927/849 793/925/849 808/932/849 809/933/849
f 802/928/850 801/926/850 816/934/850 817/935/850
f 795/929/851 794/927/851 809/933/851 810/936/851
f 803/930/852 802/928/852 817/935/852 818/937/852
f 796/931/853 795/929/853 810/936/853 811/938/853
f 804/915/854 803/930/854 818/937/854 819/939/854
f 797/917/855 796/931/855 811/938/855 812/940/855
f 805/916/856 804/915/856 819/939/856 820/941/856
f 798/918/857 797/917/857 812/940/857 813/942/857
f 791/920/858 564/943/858 806/944/858
f 790/945/859 805/916/859 820/941/859
f 799/922/860 798/918/860 813/942/860 814/946/860
f 792/923/861 791/920/861 806/944/861 807/947/861
f 800/924/862 799/922/862 814/946/862 815/948/862
f 793/925/863 792/923/863 807/947/863 808/932/863
f 801/926/864 800/924/864 815/948/864 816/934/864
f 813/942/865 812/940/865 827/949/865 828/950/865
f 806/944/866 564/951/866 821/952/866
f 790/953/867 820/941/867 835/954/867
f 814/946/868 813/942/868 828/950/868 829/955/868
f 807/947/869 806/944/869 821/952/869 822/956/869
f 815/948/870 814/946/870 829/955/870 830/957/870
f 808/932/871 807/947/871 822/956/871 823/958/871
f 816/934/872 815/948/872 830/957/872 831/959/872
f 809/933/873 808/932/873 823/958/873 824/960/873
f 817/935/874 816/934/874 831/959/874 832/961/874
f 810/936/875 809/933/875 824/960/875 825/962/875
f 818/937/876 817/935/876 832/961/876 833/963/876
f 811/938/877 810/936/877 825/962/877 826/964/877
f 819/939/878 818/937/878 833/963/878 834/965/878
f 812/940/879 811/938/879 826/964/879 827/949/879
f 820/941/880 819/939/880 834/965/880 835/954/880
f 832/961/881 831/959/881 846/966/881 847/967/881
f 825/962/882 824/960/882 839/968/882 840/969/882
f 833/963/883 832/961/883 847/967/883 848/970/883
f 826/964/884 825/962/884 840/969/884 841/971/884
f 834/965/885 833/963/885 848/970/885 849/972/885
f 827/949/886 826/964/886 841/971/886 842/973/886
f 835/954/887 834/965/887 849/972/887 850/974/887
f 828/950/888 827/949/888 842/973/888 843/975/888
f 821/952/889 564/976/889 836/977/889
f 790/978/890 835/954/890 850/974/890
f 829/955/891 828/950/891 843/975/891 844/979/891
f 822/956/892 821/952/892 836/977/892 837/980/892
f 830/957/893 829/955/893 844/979/893 845/981/893
f 823/958/894 822/956/894 837/980/894 838/982/894
f 831/959/895 830/957/895 845/981/895 846/966/895
f 824/960/896 823/958/896 838/982/896 839/968/896
f 836/983/897 564/984/897 851/985/897
f 790/986/898 850/987/898 865/988/898
f 844/989/899 843/990/899 858/991/899 859/992/899
f 837/993/900 836/983/900 851/985/900 852/994/900
f 845/995/901 844/989/901 859/992/901 860/996/901
f 838/997/902 837/993/902 852/994/902 853/998/902
f 846/999/903 845/995/903 860/996/903 861/1000/903
f 839/1001/904 838/997/904 853/998/904 854/1002/904
f 847/1003/905 846/999/905 861/1000/905 862/1004/905
f 840/1005/906 839/1001/906 854/1002/906 855/1006/906
f 848/1007/907 847/1003/907 862/1004/907 863/1008/907
f 841/1009/908 840/1005/908 855/1006/908 856/1010/908
f 849/1011/909 848/1007/909 863/1008/909 864/1012/909
f 842/1013/910 841/1009/910 856/1010/910 857/1014/910
f 850/987/911 849/1011/911 864/1012/911 865/988/911
f 843/990/912 842/1013/912 857/1014/912 858/991/912
f 855/1006/913 854/1002/913 869/1015/913 870/1016/913
f 863/1008/914 862/1004/914 877/1017/914 878/1018/914
f 856/1010/915 855/1006/915 870/1016/915 871/1019/915
f 864/1012/916 863/1008/916 878/1018/916 879/1020/916
f 857/1014/917 856/1010/917 871/1019/917 872/1021/917
f 865/988/918 864/1012/918 879/1020/918 880/1022/918
f 858/991/919 857/1014/919 872/1021/919 873/1023/919
f 851/985/920 564/1024/920 866/1025/920
f 790/1026/921 865/988/921 880/1022/921
f 859/992/922 858/991/922 873/1023/922 874/1027/922
f 852/994/923 851/985/923 866/1025/923 867/1028/923
f 860/996/924 859/992/924 874/1027/924 875/1029/924
f 853/998/925 852/994/925 867/1028/925 868/1030/925
f 861/1000/926 860/996/926 875/1029/926 876/1031/926
f 854/1002/927 853/998/927 868/1030/927 869/1015/927
f 862/1004/928 861/1000/928 876/1031/928 877/1017/928
f 874/1027/929 873/1023/929 888/1032/929 889/1033/929
f 867/1028/930 866/1025/930 881/1034/930 882/1035/930
f 875/1029/931 874/1027/931 889/1033/931 890/1036/931
f 868/1030/932 867/1028/932 882/1035/932 883/1037/932
f 876/1031/933 875/1029/933 890/1036/933 891/1038/933
f 869/1015/934 868/1030/934 883/1037/934 884/1039/934
f 877/1017/935 876/1031/935 891/1038/935 892/1040/935
f 870/1016/936 869/1015/936 884/1039/936 885/1041/936
f 878/1018/937 877/1017/937 892/1040/937 893/1042/937
f 871/1019/938 870/1016/938 885/1041/938 886/1043/938
f 879/1020/939 878/1018/939 893/1042/939 894/1044/939
f 872/1021/940 871/1019/940 886/1043/940 887/1045/940
f 880/1022/941 879/1020/941 894/1044/941 895/1046/941
f 873/1023/942 872/1021/942 887/1045/942 888/1032/942
f 866/1025/943 564/1047/943 881/1034/943
f 790/1048/944 880/1022/944 895/1046/944
f 893/1042/945 892/1040/945 907/1049/945 908/1050/945
f 886/1043/946 885/1041/946 900/1051/946 901/1052/946
f 894/1044/947 893/1042/947 908/1050/947 909/1053/947
f 887/1045/948 886/1043/948 901/1052/948 902/1054/948
f 895/1046/949 894/1044/949 909/1053/949 910/1055/949
f 888/1032/950 887/1045/950 902/1054/950 903/1056/950
f 881/1034/951 564/1057/951 896/1058/951
f 790/1059/952 895/1046/952 910/1055/952
f 889/1033/953 888/1032/953 903/1056/953 904/1060/953
f 882/1035/954 881/1034/954 896/1058/954 897/1061/954
f 890/1036/955 889/1033/955 904/1060/955 905/1062/955
f 883/1037/956 882/1035/956 897/1061/956 898/1063/956
f 891/1038/957 890/1036/957 905/1062/957 906/1064/957
f 884/1039/958 883/1037/958 898/1063/958 899/1065/958
f 892/1040/959 891/1038/959 906/1064/959 907/1049/959
f 885/1041/960 884/1039/960 899/1065/960 900/1051/960
f 905/1062/961 904/1060/961 919/1066/961 920/1067/961
f 898/1063/962 897/1061/962 912/1068/962 913/1069/962
f 906/1064/963 905/1062/963 920/1067/963 921/1070/963
f 899/1065/964 898/1063/964 913/1069/964 914/1071/964
f 907/1049/965 906/1064/965 921/1070/965 922/1072/965
f 900/1051/966 899/1065/966 914/1071/966 915/1073/966
f 908/1050/967 907/1049/967 922/1072/967 923/1074/967
f 901/1052/968 900/1051/968 915/1073/968 916/1075/968
f 909/1053/969 908/1050/969 923/1074/969 924/1076/969
f 902/1054/970 901/1052/970 916/1075/970 917/1077/970
f 910/1055/971 909/1053/971 924/1076/971 925/1078/971
f 903/1056/972 902/1054/972 917/1077/972 918/1079/972
f 896/1058/973 564/1080/973 911/1081/973
f 790/1082/974 910/1055/974 925/1078/974
f 904/1060/975 903/1056/975 918/1079/975 919/1066/975
f 897/1061/976 896/1058/976 911/1081/976 912/1068/976
f 924/1076/977 923/1074/977 938/1083/977 939/1084/977
f 917/1077/978 916/1075/978 931/1085/978 932/1086/978
f 925/1078/979 924/1076/979 939/1084/979 940/1087/979
f 918/1079/980 917/1077/980 932/1086/980 933/1088/980
f 911/1081/981 564/1089/981 926/1090/981
f 790/1091/982 925/1078/982 940/1087/982
f 919/1066/983 918/1079/983 933/1088/983 934/1092/983
f 912/1068/984 911/1081/984 926/1090/984 927/1093/984
f 920/1067/985 919/1066/985 934/1092/985 935/1094/985
f 913/1069/986 912/1068/986 927/1093/986 928/1095/986
f 921/1070/987 920/1067/987 935/1094/987 936/1096/987
f 914/1071/988 913/1069/988 928/1095/988 929/1097/988
f 922/1072/989 921/1070/989 936/1096/989 937/1098/989
f 915/1073/990 914/1071/990 929/1097/990 930/1099/990
f 923/1074/991 922/1072/991 937/1098/991 938/1083/991
f 916/1075/992 915/1073/992 930/1099/992 931/1085/992
f 928/1095/993 927/1093/993 942/1100/993 943/1101/993
f 936/1096/994 935/1094/994 950/1102/994 951/1103/994
f 929/1097/995 928/1095/995 943/1101/995 944/1104/995
f 937/1098/996 936/1096/996 951/1103/996 952/1105/996
f 930/1099/997 929/1097/997 944/1104/997 945/1106/997
f 938/1083/998 937/1098/998 952/1105/998 953/1107/998
f 931/1085/999 930/1099/999 945/1106/999 946/1108/999
f 939/1084/1000 938/1083/1000 953/1107/1000 954/1109/1000
f 932/1086/1001 931/1085/1001 946/1108/1001 947/1110/1001
f 940/1087/1002 939/1084/1002 954/1109/1002 955/1111/1002
f 933/1088/1003 932/1086/1003 947/1110/1003 948/1112/1003
f 926/1090/1004 564/1113/1004 941/1114/1004
f 790/1115/1005 940/1087/1005 955/1111/1005
f 934/1092/1006 933/1088/1006 948/1112/1006 949/1116/1006
f 927/1093/1007 926/1090/1007 941/1114/1007 942/1100/1007
f 935/1094/1008 934/1092/1008 949/1116/1008 950/1102/1008
f 947/1110/1009 946/1108/1009 959/565/1009 485/564/1009
f 955/1111/1010 954/1109/1010 963/560/1010 964/568/1010
f 948/1112/1011 947/1110/1011 485/564/1011 486/570/1011
f 941/1114/1012 564/1117/1012 956/572/1012
f 790/1118/1013 955/1111/1013 964/568/1013
f 949/1116/1014 948/1112/1014 486/570/1014 487/576/1014
f 942/1100/1015 941/1114/1015 956/572/1015 957/578/1015
f 950/1102/1016 949/1116/1016 487/576/1016 960/580/1016
f 943/1101/1017 942/1100/1017 957/578/1017 483/582/1017
f 951/1103/1018 950/1102/1018 960/580/1018 488/584/1018
f 944/1104/1019 943/1101/1019 483/582/1019 958/586/1019
f 952/1105/1020 951/1103/1020 488/584/1020 961/588/1020
f 945/1106/1021 944/1104/1021 958/586/1021 484/590/1021
f 953/1107/1022 952/1105/1022 961/588/1022 962/561/1022
f 946/1108/1023 945/1106/1023 484/590/1023 959/565/1023
f 954/1109/1024 953/1107/1024 962/561/1024 963/560/1024
